Beacon T2 Hotel,Andheri Kurla Road,10000 9000,https://d1ha4q9jvugw4k.cloudfront.net/public_media/cache/f6/f4/f6f4ed90dbca0a3a0390475f5790f2de.jpg,3.0
Hotel Shelter Palace,Vashi,7000 4798,https://d1ha4q9jvugw4k.cloudfront.net/public_media/cache/10/69/10691ba85f7be634ea7d99c66cffca36.jpg,3.0
Peninsula Grand Hotel,Andheri East,21998 14000,https://d1ha4q9jvugw4k.cloudfront.net/public_media/cache/d9/3b/d93bd9b42a199ce822db314cfa11fc6c.jpg,4.0
Holiday Inn Mumbai International Airport,Andheri East,30000 30000,https://d1ha4q9jvugw4k.cloudfront.net/public_media/cache/d1/d3/d1d3e324cc19bc8e7a0533204fd6d2ce.jpg,4.0
Grand Hometel,Malad West,12500 12500,https://d1ha4q9jvugw4k.cloudfront.net/public_media/cache/af/12/af12a5959b0c596afc3feddc99d10d60.jpg,3.0
Hotel Mumbai International Airport,Andheri East,8798 8798,https://d1ha4q9jvugw4k.cloudfront.net/public_media/cache/4c/c5/4cc5bfbfe22e6acedafde38c3f579052.jpg,3.0
Hotel Sai Palace Inn,Santacruz East,13400 10000,https://d1ha4q9jvugw4k.cloudfront.net/public_media/cache/d8/2d/d82d40d5996c3fd6e7a14f6c9945ca73.jpg,3.0
Hotel Mumbai House,Andheri East,13000 13000,https://d1ha4q9jvugw4k.cloudfront.net/public_media/cache/db/2d/db2d182b2166495dc386b685d5fa7905.jpg,3.0
La Hotel Metro,Kurla West,7998 7500,https://d1ha4q9jvugw4k.cloudfront.net/public_media/cache/2a/e0/2ae0bbebb6ad164274e1daf736664b94.jpg,2.0
Hotel Aksa,Andheri East,6000 5000,https://d1ha4q9jvugw4k.cloudfront.net/public_media/cache/c4/13/c41350b473f2003e64665af75fd13686.jpg,2.0
Sai Sharan Stay Inn,Navi Mumbai,5000 5000,https://d1ha4q9jvugw4k.cloudfront.net/public_media/cache/fb/b8/fbb8e086f90d235cec8a6ea40098397c.jpg,3.0
Hotel Heritage Dakshin,Belapur CBD,7600 6400,https://d1ha4q9jvugw4k.cloudfront.net/public_media/cache/d9/33/d93343c4c244ab1637806dfb9bfcf220.jpg,2.0
Hotel Shambuji,Thane,8000 5598,https://d1ha4q9jvugw4k.cloudfront.net/public_media/cache/06/8a/068a9f5ace390fd2e8d0070efb64f9cd.jpg,1.0
Hotel Metro Palace,Bandra West,12000 11000,https://d1ha4q9jvugw4k.cloudfront.net/public_media/cache/51/31/5131e55184f82bd23c3e473eb2dca02a.jpg,3.0
Airways Inn Residency,Andheri East,5600 3598,https://d1ha4q9jvugw4k.cloudfront.net/public_media/cache/46/e4/46e4ff3edb2e2eac504475fe4b881994.jpg,2.0
Hotel Metro Point,Andheri West,7000 5598,https://d1ha4q9jvugw4k.cloudfront.net/public_media/cache/50/bf/50bf9179bdac869e2d70c88c4f563de7.jpg,2.0
Hotel 7 Cepl,Andheri East,7998 6400,https://d1ha4q9jvugw4k.cloudfront.net/public_media/cache/39/9a/399ad94623efd7d2137def53b65bc3b4.jpg,3.0
Iris Suites,Koparkhairane,5600 4798,https://d1ha4q9jvugw4k.cloudfront.net/public_media/cache/53/a0/53a041badc7c6a3afd443072d5df46b9.jpg,3.0
Airport Inn Residency,Andheri,2400 2398,https://d1ha4q9jvugw4k.cloudfront.net/public_media/cache/27/9c/279cbe19815829867a0917fb6f921264.jpg,1.0
Mango Hotels (Airoli),Thane,7300 7000,https://d1ha4q9jvugw4k.cloudfront.net/public_media/cache/9f/ab/9fab9db03bc9744e09fb1e87c995de9f.jpg,4.0
Hotel Sapna Marine,Dhobi Talao,10000 8000,https://d1ha4q9jvugw4k.cloudfront.net/public_media/cache/7e/8c/7e8cabaeadc63f1fcc35453725fc385d.jpg,2.0
KF Residency,Kurla West,6000 3398,https://d1ha4q9jvugw4k.cloudfront.net/public_media/cache/91/ad/91adffab3b970caacaa841a98d7b9e89.jpg,1.0
Guest Inn Hospitality,Bandra Kurla Complex,7000 4400,https://d1ha4q9jvugw4k.cloudfront.net/public_media/cache/b1/dd/b1dd7d0845ae2b5ad835a0b5cc599ea3.jpg,3.0
La Maison Service Apartments,Vile Parle,17000 16000,https://d1ha4q9jvugw4k.cloudfront.net/public_media/cache/2d/b4/2db426dbaeeb2d2282a8cf0df5201262.jpg,3.0
Jewel Of Chembur,Chembur,Mumbai,13000 12000,https://d1ha4q9jvugw4k.cloudfront.net/public_media/cache/b9/47/b94731aea6258ff479655f09e5bc5579.jpg,3.0
The Emerald Hotel & Service Apartments,Juhu,13000 9600,https://d1ha4q9jvugw4k.cloudfront.net/public_media/cache/fa/c4/fac45e62d42b1dbe61d214b70356b1b6.jpg,3.0
Hotel Silver Moon,Masjid Bunder,4000 2398,https://d1ha4q9jvugw4k.cloudfront.net/public_media/cache/80/dc/80dc7a582a061c94c7c99bd5c89337cf.jpg,2.0
Hotel Jalaja Inn,Mira Bhayander,6800 4998,https://d1ha4q9jvugw4k.cloudfront.net/public_media/cache/39/c4/39c47d0ff102ea9f5d44df5c6e2c1cb3.jpg,1.0
Hotel Highway Inn,Andheri East,5200 5200,https://d1ha4q9jvugw4k.cloudfront.net/public_media/cache/39/0e/390ecfffe188558ebe67ab08b4ba2238.jpg,2.0
Hotel Jalaja Heritage,Thane,6800 5600,https://d1ha4q9jvugw4k.cloudfront.net/public_media/cache/b7/88/b78842b12da508c040b9ca2b1d4d3a64.jpg,1.0
Dragonfly Hotel, The Art Hotel,Andheri East,22000 18000,https://d1ha4q9jvugw4k.cloudfront.net/public_media/cache/7d/0e/7d0e4a03ec70715dba9bf62ab80a56fa.jpg,4.0
Mint Magna Suites,Parel,8000 7000,https://d1ha4q9jvugw4k.cloudfront.net/public_media/cache/e2/2d/e22d9330bba14a7aa2d7eef334d1e8f8.jpg,3.0
Hotel City View,Vashi,4000 3398,https://d1ha4q9jvugw4k.cloudfront.net/public_media/cache/39/3e/393efcfcb1d1128504673abb6b98a63a.jpg,2.0
Fortune Elite,Andheri West,7000 4998,https://d1ha4q9jvugw4k.cloudfront.net/public_media/cache/97/ce/97ce27af5c8c22de26c978f469bab52e.jpg,3.0
Liwa International,Andheri East,5900 4998,https://d1ha4q9jvugw4k.cloudfront.net/public_media/cache/94/e2/94e2edc1e88e0339f46bb79d00e51aed.jpg,3.0
Hotel Sapna Chowpatty,Chowpatty,10000 8000,https://d1ha4q9jvugw4k.cloudfront.net/public_media/cache/02/69/0269fc310f05ae251daa05bbbe7072d1.jpg,2.0
Hotel JK Regency,Andheri East,12000 10000,https://d1ha4q9jvugw4k.cloudfront.net/public_media/cache/ad/ec/adec84a5d6c4adfbb219aedcfdde8eda.jpg,2.0
Suraksha Lodging & Boarding,Thane West,11998 11998,https://d1ha4q9jvugw4k.cloudfront.net/public_media/cache/4e/f5/4ef56cf0f154524c4264c1edc0d6221d.jpg,2.0
Hotel Veera Residency,Andheri East,5200 5200,https://d1ha4q9jvugw4k.cloudfront.net/public_media/cache/3e/53/3e532e35423553c2440d77a5c08d5fd9.jpg,2.0
Hotel Baldev Palace,Nerul East,4400 4398,https://d1ha4q9jvugw4k.cloudfront.net/public_media/cache/6c/4a/6c4aafdb026d4f7df853b44b6f75c3c4.jpg,2.0
Hotel Annex Executive,Andheri East,5000 4800,https://d1ha4q9jvugw4k.cloudfront.net/public_media/cache/d0/b6/d0b65a0773d9eecae8d4b1b0d539f745.jpg,2.0
ZipStay Neptune Residency,Navi Mumbai,5600 5600,https://d1ha4q9jvugw4k.cloudfront.net/public_media/cache/28/3e/283ea33d1a3fc4d3826f60c222995c95.jpg,3.0
Hotel Imperial Palace Mumbai,Andheri East,5998 4998,https://d1ha4q9jvugw4k.cloudfront.net/public_media/cache/44/cf/44cf386b9b653aa0a9830ccb836ec26b.jpg,2.0
Mina International,Jogeshwari,7600 5600,https://d1ha4q9jvugw4k.cloudfront.net/public_media/cache/d0/1a/d01aae3b320c430af048dea1ecace6b0.jpg,3.0
Hotel Vihang's Inn,Thane West,11000 11000,https://d1ha4q9jvugw4k.cloudfront.net/public_media/cache/68/74/6874c94b70128232a62daf839efac6f3.jpg,2.0
Hotel Al Mehraj,Masjid Bunder,2500 2398,https://d1ha4q9jvugw4k.cloudfront.net/public_media/cache/58/1e/581ed23a1539bee2a8e0dd2db3ffd88b.jpg,2.0
Milan Guest House,Khetwadi Back Road,4998 4998,https://d1ha4q9jvugw4k.cloudfront.net/public_media/cache/c2/76/c27635b6a9fa02017f72ed9cfa90ccf4.jpg,2.0
GSK Hotel,Kurla West,7000 5000,https://d1ha4q9jvugw4k.cloudfront.net/public_media/cache/5f/30/5f30e3cdb23ff210c0c27028848307a8.jpg,3.0
Port Hotel,Andheri (E),3998 3598,https://d1ha4q9jvugw4k.cloudfront.net/public_media/cache/40/2c/402c58ca479232b3edf36b7327838e96.jpg,2.0
Hotel Golden Palace Kurla,Kurla,5998 5998,https://d1ha4q9jvugw4k.cloudfront.net/public_media/cache/71/53/715344bdbb97518f01e913ad4aa20b00.jpg,2.0
Hotel Neelkiran,Vashi,5998 4998,https://d1ha4q9jvugw4k.cloudfront.net/public_media/cache/b1/19/b119aa5a89334d532ac36a8c7f78b719.jpg,2.0
Hotel Residency Park,Masjid Bandar,7998 3198,https://d1ha4q9jvugw4k.cloudfront.net/public_media/cache/f6/d2/f6d275f0e325510f442413b65c7c726d.jpg,3.0
Safar Residency,Sion,5598 5598,https://d1ha4q9jvugw4k.cloudfront.net/public_media/cache/09/b1/09b11ee908cf22a4018ffa9144a0b6f8.jpg,3.0
Hotel Sunshine,Andheri East,6000 4998,https://d1ha4q9jvugw4k.cloudfront.net/public_media/cache/bb/f2/bbf25748bedb9f4b820546b1a7d4447c.jpg,2.0
Hotel Spring Inn,Kandivali West,7000 6598,https://d1ha4q9jvugw4k.cloudfront.net/public_media/cache/c0/f5/c0f57b7784f9579a9ab1a2f53bda15f6.jpg,3.0
Deluxe Residency,Santacruz,18000 5600,https://d1ha4q9jvugw4k.cloudfront.net/public_media/cache/71/89/71898a7b9edeb41450eea4adc317282b.jpg,3.0
National Residency,Marol,4000 3998,https://d1ha4q9jvugw4k.cloudfront.net/public_media/cache/bb/14/bb14cf4e44000097b26c872944a04678.jpg,3.0
Hotel Fantacee,Vashi,4400 2600,https://d1ha4q9jvugw4k.cloudfront.net/public_media/cache/af/45/af45495315556bf5c7f97fa95354945b.jpg,2.0
Hotel Navi Mumbai,Vashi,4998 3198,https://d1ha4q9jvugw4k.cloudfront.net/public_media/cache/b3/c7/b3c73e1c44528f02f5261f0a3a819ee3.jpg,2.0
New Shree Niwas Lodging House,Mahalaxmi Sindhi Colony,6998 5398,https://d1ha4q9jvugw4k.cloudfront.net/public_media/cache/47/cc/47cc0915666a4e3f6c022b451f083100.jpg,2.0
Hotel Sun Beach Resort,Gorai Beach,9998 6880,https://d1ha4q9jvugw4k.cloudfront.net/public_media/cache/34/95/3495db86fef148242b6fc75fa79eba35.jpg,3.0
Apex International,Andheri,5200 5000,https://d1ha4q9jvugw4k.cloudfront.net/public_media/cache/52/6d/526d62727d5ef257317b4f7a5ebe1a05.jpg,3.0
Decent Guest House,Kismat Nagar,4998 4318,https://d1ha4q9jvugw4k.cloudfront.net/public_media/cache/32/5a/325a354186e57f164501c5886cb461bb.jpg,2.0
Hotel Grand Skylight,Andheri East,4998 3880,https://d1ha4q9jvugw4k.cloudfront.net/public_media/cache/bf/52/bf52bb5705a428c885c807b324d13223.jpg,2.0
Hotel Siddhartha,Bandra West,8200 7598,https://d1ha4q9jvugw4k.cloudfront.net/public_media/cache/01/63/016308138e5dae5ccb147e2fa8670e58.jpg,3.0
Hotel Starwood Residency,Nerul,6000 6000,https://d1ha4q9jvugw4k.cloudfront.net/public_media/cache/8a/81/8a817b7209ad043ef2176340ddff9daf.jpg,3.0
Executive Flamingo Apartment,Thane,5000 3998,https://d1ha4q9jvugw4k.cloudfront.net/public_media/cache/e0/6e/e06e47ff662e5366a732ba0e59b3c532.jpg,3.0
Hotel Nest Inn,Vashi,7200 5998,https://d1ha4q9jvugw4k.cloudfront.net/public_media/cache/d0/41/d04144cebdafd33ccc0a105e7d46d18f.jpg,3.0
Silver Lake Comfort Stay,Kurla,7000 4998,https://d1ha4q9jvugw4k.cloudfront.net/public_media/cache/48/f9/48f90f42ffa466aae17b3e5221d0be66.jpg,2.0
Hotel Pearl,Vashi,3998 3398,https://d1ha4q9jvugw4k.cloudfront.net/public_media/cache/85/cc/85cc4f8ec4f251c3a71300873c133a02.jpg,2.0
Hotel BKC Palace,BKC Complex,6000 6000,https://d1ha4q9jvugw4k.cloudfront.net/public_media/cache/0d/84/0d840b124c5ef7c73f2c872f8f6ce1b2.jpg,2.0
Grand Residency Hotel & Serviced Apartments,Bandra West,24000 19998,https://d1ha4q9jvugw4k.cloudfront.net/public_media/cache/55/9c/559cd8fc524c5f9f7881cbe3d2d3ffd3.jpg,4.0
Hotel Ratna Palace Residency,Thane West,6800 6800,https://d1ha4q9jvugw4k.cloudfront.net/public_media/cache/f1/a9/f1a98147fb9a05a43cbb4b3f54fc9a16.jpg,2.0
Hotel Parklane,Dadar East,14000 13000,https://d1ha4q9jvugw4k.cloudfront.net/public_media/cache/b9/7c/b97c7d06b34ed4cb95ecf60f07563639.jpg,3.0
Executive Imperial,Malad West,7000 6000,https://d1ha4q9jvugw4k.cloudfront.net/public_media/cache/9d/bb/9dbb59fb0dbb3f5832ab1e734a206ed9.jpg,2.0
Hotel Imperial Palace,Andheri East,6800 5600,https://d1ha4q9jvugw4k.cloudfront.net/public_media/cache/8d/a2/8da275d5c9bf4f70119e16d01d9fc86a.jpg,3.0
Colaba Suites,Colaba,6900 6900,https://d1ha4q9jvugw4k.cloudfront.net/public_media/cache/6a/5e/6a5eb4e2420b1465ce90c3b4b9d7f79f.jpg,3.0
Lemon Tree Premier Mumbai International Airport,Andheri,SOLD OUT,https://d1ha4q9jvugw4k.cloudfront.net/public_media/cache/40/72/40724badb4a7d2cd2e5f0a60ae03a9d5.jpg,4.0
Oriental Aster,Andheri East,SOLD OUT,https://d1ha4q9jvugw4k.cloudfront.net/public_media/cache/62/cd/62cd94a607995547432d7d4bf86364da.jpg,4.0
Treebo New Castle,Khar West,SOLD OUT,https://d1ha4q9jvugw4k.cloudfront.net/public_media/cache/63/9e/639e2a7e4a9e7f62eb4d0e2492597d27.jpg,3.0
Peninsula Redpine,Andheri,SOLD OUT,https://d1ha4q9jvugw4k.cloudfront.net/public_media/cache/52/43/524304a7d0de71f69d3af6451be9f157.jpg,3.0
Hotel Horizon,Andheri East,SOLD OUT,https://d1ha4q9jvugw4k.cloudfront.net/public_media/cache/23/c2/23c250c22271b3ae63b0fa1e12dc3651.jpg,2.0
Hotel Golden Palace,Andheri West,SOLD OUT,https://d1ha4q9jvugw4k.cloudfront.net/public_media/cache/86/f5/86f57a011997d50c7c21f353e8c87fe7.jpg,2.0
Hotel BKC Grand,Bandra East,SOLD OUT,https://d1ha4q9jvugw4k.cloudfront.net/public_media/cache/1e/58/1e588765c2b6c3e45597f2be44730297.jpg,3.0
Bombay Rooms Airport,Andheri East,SOLD OUT,https://d1ha4q9jvugw4k.cloudfront.net/public_media/cache/4f/50/4f5060565a382e8529ee44754d94d1f3.jpg,3.0
Hotel Alka Residency,Thane west,SOLD OUT,https://d1ha4q9jvugw4k.cloudfront.net/public_media/cache/3a/b8/3ab8c38cfacc7f224fead87f64b2a2d6.jpg,3.0
Jai Malhar Residency,Panvel,SOLD OUT,https://d1ha4q9jvugw4k.cloudfront.net/public_media/cache/f8/7d/f87d66da426317d08778f1ec2479c288.jpg,3.0
Hotel Venkat Presidency,Kamothe,SOLD OUT,https://d1ha4q9jvugw4k.cloudfront.net/public_media/cache/7c/d7/7cd7a2b9d979acfb71fa3afd1702d056.jpg,2.0
Hotel Fortune,Marine Lines,SOLD OUT,https://d1ha4q9jvugw4k.cloudfront.net/public_media/cache/9a/a6/9aa68117df521d8e992b2ed6e24649e9.jpg,3.0
Aboo's Hotel Concord Galaxy,Andheri road,SOLD OUT,https://d1ha4q9jvugw4k.cloudfront.net/public_media/cache/e6/d1/e6d13c0afbe6f78abc718f420ab41623.jpg,3.0
Hotel Nirsukh Palace,Kharghar,SOLD OUT,https://d1ha4q9jvugw4k.cloudfront.net/public_media/cache/d7/ee/d7ee1408b5c2ad3fcd5004a7dfc9d1a6.jpg,2.0
Saffron Suites,Vasai East,SOLD OUT,https://d1ha4q9jvugw4k.cloudfront.net/public_media/cache/ad/64/ad6454edd52cca1f016240e6e6f2a9a0.jpg,3.0
Krishna Avtar Stay Inn,Belapur CBD,SOLD OUT,https://d1ha4q9jvugw4k.cloudfront.net/public_media/cache/2f/dd/2fdd500cd2f1fc4f5902cb27e3bba1f8.jpg,3.0
Krishna Avtar Service Apartment,Kamothe,SOLD OUT,https://d1ha4q9jvugw4k.cloudfront.net/public_media/cache/45/b5/45b5dc02d71122cc37ef5e737ab8524a.jpg,3.0
City Inn,Andheri East,SOLD OUT,https://d1ha4q9jvugw4k.cloudfront.net/public_media/cache/bb/4b/bb4bba04d8f97ac250f2e6a9e802a3b5.jpg,1.0
Aboo's Lucky Galaxy,Andheri (E),SOLD OUT,https://d1ha4q9jvugw4k.cloudfront.net/public_media/cache/f8/f9/f8f94593e77f135cd715656f0810f0af.jpg,2.0
Bawa International,Vile Parle East,SOLD OUT,https://d1ha4q9jvugw4k.cloudfront.net/public_media/cache/0c/67/0c671cc2454804ebb57ba85f9abc778a.jpg,4.0
Bawa Continental,Juhu,SOLD OUT,https://d1ha4q9jvugw4k.cloudfront.net/public_media/cache/74/fb/74fb861bdb72017ec8ebebf69b03da9a.jpg,4.0
Bawa Suites,Khar,SOLD OUT,https://d1ha4q9jvugw4k.cloudfront.net/public_media/cache/70/82/7082909bb12b43a765a05338ba3a8c3d.jpg,4.0
i Stay Hotels Andheri MIDC,Andheri East,SOLD OUT,https://d1ha4q9jvugw4k.cloudfront.net/public_media/cache/78/b6/78b6480c1f2099f27915842f33b5150c.jpg,3.0
Hotel Kalpana Elite,Kurla West,SOLD OUT,https://d1ha4q9jvugw4k.cloudfront.net/public_media/cache/de/0e/de0e7ae19b99f7f136b520a661d10539.jpg,2.0
Hotel Kamran Residency,Kurla West,SOLD OUT,https://d1ha4q9jvugw4k.cloudfront.net/public_media/cache/cb/29/cb29684ee540e9f80fafee5317c1b820.jpg,2.0
Saya Grand Club & Spa Resort,Thane,SOLD OUT,https://d1ha4q9jvugw4k.cloudfront.net/public_media/cache/af/f8/aff8239e7941820429827ef50348862a.jpg,4.0
Hotel Rex Plaza,Vashi Navi Mumbai,SOLD OUT,https://d1ha4q9jvugw4k.cloudfront.net/public_media/cache/c5/75/c57530fdf66ef768f63eb29de775bbc3.jpg,2.0
Hotel Celeste,Colaba,SOLD OUT,https://d1ha4q9jvugw4k.cloudfront.net/public_media/cache/b8/2b/b82b75cedf16ff9d9bd44d7b758efa6c.jpg,2.0
Hotel Q Deck,Vile Parle West,SOLD OUT,https://d1ha4q9jvugw4k.cloudfront.net/public_media/cache/23/55/2355bc47da8785a7188ffddd32226353.jpg,2.0
Hotel Regency,Bhayander,SOLD OUT,https://d1ha4q9jvugw4k.cloudfront.net/public_media/cache/a9/51/a951817f5a95a4f927d07b5cda599993.jpg,2.0
JC Chalet,Juhu,SOLD OUT,https://d1ha4q9jvugw4k.cloudfront.net/public_media/cache/b4/58/b458456ee09d7121ab95f88ab4870767.jpg,2.0
The Sahil Hotel,Mumbai Central,SOLD OUT,https://d1ha4q9jvugw4k.cloudfront.net/public_media/cache/f9/05/f9056d51a91efa0f4cdccb33c3b8a0cc.jpg,3.0
Platinum Inn,Colaba,SOLD OUT,https://d1ha4q9jvugw4k.cloudfront.net/public_media/cache/fc/50/fc508c42a6cfc057dcbc61b5f3425006.jpg,2.0
Venus Residency,Colaba,SOLD OUT,https://d1ha4q9jvugw4k.cloudfront.net/public_media/cache/c3/37/c337f8a1546299e985865f0f7193b935.jpg,2.0
Hotel Janata Colaba,Colaba,SOLD OUT,https://d1ha4q9jvugw4k.cloudfront.net/public_media/cache/2f/af/2faf03eac086f154d2386160af5acacc.jpg,2.0
Hotel BKC Garden,Bandra Kurla Complex,SOLD OUT,https://d1ha4q9jvugw4k.cloudfront.net/public_media/cache/b3/be/b3be631e72b1e28fccc9994552343408.jpg,3.0
Hotel Sagar,Mumbai Central,SOLD OUT,https://d1ha4q9jvugw4k.cloudfront.net/public_media/cache/fe/a2/fea2a4f9b31d0caeef21a79a7ccdfdf6.jpg,3.0
West End Hotel,Marine Lines,SOLD OUT,https://d1ha4q9jvugw4k.cloudfront.net/public_media/cache/80/25/8025eef7f266301226cd2366a8cbb39d.jpg,3.0
Hotel Sai Sharan,Bandra linking road,SOLD OUT,https://d1ha4q9jvugw4k.cloudfront.net/public_media/cache/f0/27/f0273c9e667e2a4c918a91e5e4a7f77f.jpg,2.0
Royce Executive Kurla,Kurla,SOLD OUT,https://d1ha4q9jvugw4k.cloudfront.net/public_media/cache/2c/a7/2ca745364e51cbd6ff7b1611f876919a.jpg,3.0
Hotel Almoazin,Masjid Bunder,SOLD OUT,https://d1ha4q9jvugw4k.cloudfront.net/public_media/cache/36/63/36636cc9cc8d69c93becfa778feb8c52.jpg,3.0
Hotel Panchratna, Mira Road,Mira Road,SOLD OUT,https://d1ha4q9jvugw4k.cloudfront.net/public_media/cache/ea/3e/ea3ec51bde0f9239cb99977fbd41bbe0.jpg,2.0
Sahar Garden,Marol,SOLD OUT,https://d1ha4q9jvugw4k.cloudfront.net/public_media/cache/0f/55/0f5580d512b516faaac6c3078c30acbc.jpg,3.0
On The Go Resort,Shahapur,SOLD OUT,https://d1ha4q9jvugw4k.cloudfront.net/public_media/cache/2f/78/2f7842d8f93d2fb792a14569b0852fb1.jpg,3.0
Hotel King's Palace,Khar West,SOLD OUT,https://d1ha4q9jvugw4k.cloudfront.net/public_media/cache/28/ac/28acafb8b02be0a22c6a3da030ca387f.jpg,2.0
Hotel SA Residency,Mira Road East,SOLD OUT,https://d1ha4q9jvugw4k.cloudfront.net/public_media/cache/7d/8e/7d8e446ba13b42d872a592e0b44c76ec.jpg,2.0
Hotel Aqua Regency,Mira road east,SOLD OUT,https://d1ha4q9jvugw4k.cloudfront.net/public_media/cache/97/d7/97d77663da00aa49322b3692d0ebd049.jpg,2.0
