NAME,LOCATION,City,IMAGE,RATING,BOOK NOW
Oyster Inn,Electronic city , Bangalore,https://jiwirooms.com/app/hotel_logo/37981.jpg,3,https://jiwirooms.com//Bangalore/Hotel-Lodge-and-Dormitory/profile/Oyster-Inn_BUDGET_STAYS_HOTEL_RWZx
Delta Regency,Madiwala , Bangalore,https://jiwirooms.com/app/hotel_logo/elta2.jpg,3,https://jiwirooms.com//Bangalore/Hotel-Lodge-and-Dormitory/profile/Delta-Regency_BUDGET_STAYS_HOTEL_RVUu
Sweet Crystal Homes,Indira Nagar , Bangalore,https://jiwirooms.com/app/hotel_logo/sweet5.jpg,3,https://jiwirooms.com//Bangalore/Homestay-and-Guest-House/profile/Sweet-Crystal-Homes_BUDGET_STAYS_HOTEL_RWWt
HOTEL Shelton Manyata,HBR layout , Bangalore,https://jiwirooms.com/app/hotel_logo/man5.jpg,3,https://jiwirooms.com//Bangalore/Homestay-and-Guest-House/profile/HOTEL-Shelton-Manyata_BUDGET_STAYS_HOTEL_RWUy
Oasis lodge,T dasarahalli , Bangalore,https://jiwirooms.com/app/hotel_logo/oasis2.jpg,3,https://jiwirooms.com//Bangalore/Hotel-Lodge-and-Dormitory/profile/Oasis-lodge_BUDGET_STAYS_HOTEL_RVVp
Aster Vue Service Apartments,osborne road , Bangalore,https://jiwirooms.com/app/hotel_logo/aster10.jpg,3,https://jiwirooms.com//Bangalore/Homestay-and-Guest-House/profile/Aster-Vue-Service-Apartments_BUDGET_STAYS_HOTEL_RWVp
Hotel Maple Green Deluxe,Koramangala , Bangalore,https://jiwirooms.com/app/hotel_logo/20180807_153012-min.jpg,3,https://jiwirooms.com//Bangalore/Hotel-Lodge-and-Dormitory/profile/Hotel-Maple-Green-Deluxe_BUDGET_STAYS_HOTEL_RVTu
Krishna comfort,Cottonpet , Bangalore,https://jiwirooms.com/app/hotel_logo/kri4.jpg,3,https://jiwirooms.com//Bangalore/Hotel-Lodge-and-Dormitory/profile/Krishna-comfort_BUDGET_STAYS_HOTEL_RVSx
Shree sai suites,ganganagar , Bangalore,https://jiwirooms.com/app/hotel_logo/37571.jpg,3,https://jiwirooms.com//Bangalore/Homestay-and-Guest-House/profile/Shree-sai-suites_BUDGET_STAYS_HOTEL_RWVw
Hotel Tiara,cauvery layout , Bangalore,https://jiwirooms.com/app/hotel_logo/tia 7.jpg,3,https://jiwirooms.com//Bangalore/Hotel-Lodge-and-Dormitory/profile/Hotel-Tiara_BUDGET_STAYS_HOTEL_RWQu
Karavali lodge,Sheshadripuram , Bangalore,https://jiwirooms.com/app/hotel_logo/kar2.jpg,3,https://jiwirooms.com//Bangalore/Hotel-Lodge-and-Dormitory/profile/Karavali-lodge_BUDGET_STAYS_HOTEL_RVXu
Malnad Residency,Gandhi Nagar , Bangalore,https://jiwirooms.com/app/hotel_logo/IMG_20180111_122652.jpg,3,https://jiwirooms.com//Bangalore/Hotel-Lodge-and-Dormitory/profile/Malnad-Residency_BUDGET_STAYS_HOTEL_RVUx
Adyar ananda bhavan residency,Electronic City , Bangalore,https://jiwirooms.com/app/hotel_logo/adelec6.JPG,3,https://jiwirooms.com//Bangalore/Homestay-and-Guest-House/profile/Adyar-ananda-bhavan-residency_BUDGET_STAYS_HOTEL_RVWw
Ramee Guestline Hotels and Resorts,Attibele , Bangalore,https://jiwirooms.com/app/hotel_logo/39562.jpg,3,https://jiwirooms.com//Bangalore/Hotel-Lodge-and-Dormitory/profile/Ramee-Guestline-Hotels-and-Resorts_BUDGET_STAYS_HOTEL_RYVy
Aiyaracomforts,BTM Layout , Bangalore,https://jiwirooms.com/app/hotel_logo/37882.jpg,3,https://jiwirooms.com//Bangalore/Hotel-Lodge-and-Dormitory/profile/Aiyaracomforts_BUDGET_STAYS_HOTEL_RWYx
Brahma inn,Bannerghatta Road , Bangalore,https://jiwirooms.com/app/hotel_logo/brahma 1.jpg,1,https://jiwirooms.com//Bangalore/Hotel-Lodge-and-Dormitory/profile/Brahma-inn_BUDGET_STAYS_HOTEL_RWYu
Hotel Maple Green Suites,Koramangala , Bangalore,https://jiwirooms.com/app/hotel_logo/20180807_153338-min.jpg,3,https://jiwirooms.com//Bangalore/Hotel-Lodge-and-Dormitory/profile/Hotel-Maple-Green-Suites_BUDGET_STAYS_HOTEL_RVTw
Sri Krishnas suites,Bellandur , Bangalore,https://jiwirooms.com/app/hotel_logo/krish7.jpg,3,https://jiwirooms.com//Bangalore/Homestay-and-Guest-House/profile/Sri-Krishnas-suites_BUDGET_STAYS_HOTEL_RWSp
Mistyblue hotel and lodge,Bannerghatta Road , Bangalore,https://jiwirooms.com/app/hotel_logo/IMG-20180811-WA0029.jpg,3,https://jiwirooms.com//Bangalore/Hotel-Lodge-and-Dormitory/profile/Mistyblue-hotel-and-lodge_BUDGET_STAYS_HOTEL_RVWx
Neelkamal Residency,BVK Iyengar Road , Bangalore,https://jiwirooms.com/app/hotel_logo/neel1.JPG,3,https://jiwirooms.com//Bangalore/Hotel-Lodge-and-Dormitory/profile/Neelkamal-Residency_BUDGET_STAYS_HOTEL_RWSw
Mathrushree comforts,chikkabanvara , Bangalore,https://jiwirooms.com/app/hotel_logo/asasasas.JPG,3,https://jiwirooms.com//Bangalore/Hotel-Lodge-and-Dormitory/profile/Mathrushree-comforts_BUDGET_STAYS_HOTEL_RVUv
Globalhomes,Mylasandra , Bangalore,https://jiwirooms.com/app/hotel_logo/37585.jpg,3,https://jiwirooms.com//Bangalore/Homestay-and-Guest-House/profile/Globalhomes_BUDGET_STAYS_HOTEL_RWVx
Hotel Adarsha Palace,Cottonpet , Bangalore,https://jiwirooms.com/app/hotel_logo/jiwirooms_3627_1544695571_36275.jpg,3,https://jiwirooms.com//Bangalore/Homestay-and-Guest-House/profile/Hotel-Adarsha-Palace_BUDGET_STAYS_HOTEL_RVSw
Hotel Ujwal residency,yaswanthpura , Bangalore,https://jiwirooms.com/app/hotel_logo/ujw3.jpg,3,https://jiwirooms.com//Bangalore/Hotel-Lodge-and-Dormitory/profile/Hotel-Ujwal-residency_BUDGET_STAYS_HOTEL_RVTs
pai comforts,JP Nagar , Bangalore,https://jiwirooms.com/app/hotel_logo/37693.jpg,3,https://jiwirooms.com//Bangalore/Hotel-Lodge-and-Dormitory/profile/pai-comforts_BUDGET_STAYS_HOTEL_RWWy
HLV GRAND INN,Gandhi Nagar , Bangalore,https://jiwirooms.com/app/hotel_logo/h3.jpg,3,https://jiwirooms.com//Bangalore/Homestay-and-Guest-House/profile/HLV-GRAND-INN_BUDGET_STAYS_HOTEL_RVQs
Greens residency,Kalasipalaya , Bangalore,https://jiwirooms.com/app/hotel_logo/green2.jpg,3,https://jiwirooms.com//Bangalore/Homestay-and-Guest-House/profile/Greens-residency_BUDGET_STAYS_HOTEL_RWQq
THE IRIS INN,Mahadevapura , Bangalore,https://jiwirooms.com/app/hotel_logo/iris6.jpg,3,https://jiwirooms.com//Bangalore/Homestay-and-Guest-House/profile/THE-IRIS-INN_BUDGET_STAYS_HOTEL_RWRy
Transit hotel,Bansankari , Bangalore,https://jiwirooms.com/app/hotel_logo/tra4.jpg,3,https://jiwirooms.com//Bangalore/Hotel-Lodge-and-Dormitory/profile/Transit-hotel_BUDGET_STAYS_HOTEL_RWRs
Hotel euphoria,Bannerghatta Road , Bangalore,https://jiwirooms.com/app/hotel_logo/Captureearwere.JPG,3,https://jiwirooms.com//Bangalore/Hotel-Lodge-and-Dormitory/profile/Hotel-euphoria_BUDGET_STAYS_HOTEL_RVXs
S r guest house,Lakkasandra , Bangalore,https://jiwirooms.com/app/hotel_logo/20180804_115128.jpg,3,https://jiwirooms.com//Bangalore/Hotel-Lodge-and-Dormitory/profile/S-r-guest-house_BUDGET_STAYS_HOTEL_RVWy
Tanya residency deluxe rooms,yaswanthpura , Bangalore,https://jiwirooms.com/app/hotel_logo/tan3.jpg,3,https://jiwirooms.com//Bangalore/Hotel-Lodge-and-Dormitory/profile/Tanya-residency-deluxe-rooms_BUDGET_STAYS_HOTEL_RVTq
Hotel nile residency,Madiwala , Bangalore,https://jiwirooms.com/app/hotel_logo/defsd.JPG,3,https://jiwirooms.com//Bangalore/Hotel-Lodge-and-Dormitory/profile/Hotel-nile-residency_BUDGET_STAYS_HOTEL_RVXt
Kamat Yatrinivas,whitefield , Bangalore,https://jiwirooms.com/app/hotel_logo/37992.jpg,3,https://jiwirooms.com//Bangalore/Hotel-Lodge-and-Dormitory/profile/Kamat-Yatrinivas_BUDGET_STAYS_HOTEL_RXQs
Royal Shades,Kodihalli , Bangalore,https://jiwirooms.com/app/hotel_logo/39603.jpg,3,https://jiwirooms.com//Bangalore/Hotel-Lodge-and-Dormitory/profile/Royal-Shades_BUDGET_STAYS_HOTEL_RYWp
Viva Hotel,Tilaknagar , Bangalore,https://jiwirooms.com/app/hotel_logo/viva 5.jpg,3,https://jiwirooms.com//Bangalore/Hotel-Lodge-and-Dormitory/profile/Viva-Hotel_BUDGET_STAYS_HOTEL_RWQv
Hotel golden keys,uttarahalli , Bangalore,https://jiwirooms.com/app/hotel_logo/1s.jpg,3,https://jiwirooms.com//Bangalore/Homestay-and-Guest-House/profile/Hotel-golden-keys_BUDGET_STAYS_HOTEL_RWWs
Lusia inn,N r road , Bangalore,https://jiwirooms.com/app/hotel_logo/37921.jpg,3,https://jiwirooms.com//Bangalore/Hotel-Lodge-and-Dormitory/profile/Lusia-inn_BUDGET_STAYS_HOTEL_RWZr
Deeya suites,indiranagar , Bangalore,https://jiwirooms.com/app/hotel_logo/deeya7.JPG,3,https://jiwirooms.com//Bangalore/Homestay-and-Guest-House/profile/Deeya-suites_BUDGET_STAYS_HOTEL_RWXy
Hotel Ozone,Ashok Nagar , Bangalore,https://jiwirooms.com/app/hotel_logo/ozone3.png,3,https://jiwirooms.com//Bangalore/Hotel-Lodge-and-Dormitory/profile/Hotel-Ozone_BUDGET_STAYS_HOTEL_RWVr
Status Fine Dine,murugeshpalya , Bangalore,https://jiwirooms.com/app/hotel_logo/39202.jpg,3,https://jiwirooms.com//Bangalore/Hotel-Lodge-and-Dormitory/profile/Status-Fine-Dine_BUDGET_STAYS_HOTEL_RYSp
Sree sai comforts,Mysore Road , Bangalore,https://jiwirooms.com/app/hotel_logo/sai5.jpg,3,https://jiwirooms.com//Bangalore/Homestay-and-Guest-House/profile/Sree-sai-comforts_BUDGET_STAYS_HOTEL_RVRs
Surya inn,Chikkajala , Bangalore,https://jiwirooms.com/app/hotel_logo/suri2.jpg,3,https://jiwirooms.com//Bangalore/Homestay-and-Guest-House/profile/Surya-inn_BUDGET_STAYS_HOTEL_RWTt
Royal inn,Electronic City , Bangalore,https://jiwirooms.com/app/hotel_logo/royal1.jpg,3,https://jiwirooms.com//Bangalore/Hotel-Lodge-and-Dormitory/profile/Royal-inn_BUDGET_STAYS_HOTEL_RWVy
Green paradise serviced apartment,HBR layout , Bangalore,https://jiwirooms.com/app/hotel_logo/gp5.jpg,3,https://jiwirooms.com//Bangalore/Hotel-Lodge-and-Dormitory/profile/Green-paradise-serviced-apartment_BUDGET_STAYS_HOTEL_RXSp
Dass Suites,Domlur , Bangalore,https://jiwirooms.com/app/hotel_logo/39192.jpg,3,https://jiwirooms.com//Bangalore/Hotel-Lodge-and-Dormitory/profile/Dass-Suites_BUDGET_STAYS_HOTEL_RYRy
Aishwarya Comforts,New BEL road , Bangalore,https://jiwirooms.com/app/hotel_logo/ai2.jpg,3,https://jiwirooms.com//Bangalore/Homestay-and-Guest-House/profile/Aishwarya-Comforts_BUDGET_STAYS_HOTEL_RWTv
Tranzotel,kempegowda international airport road , Bangalore,https://jiwirooms.com/app/hotel_logo/tranz7.jpg,3,https://jiwirooms.com//Bangalore/Hotel-Lodge-and-Dormitory/profile/Tranzotel_BUDGET_STAYS_HOTEL_RWXp
Hotel The Prince Royal,Uttharahalli , Bangalore,https://jiwirooms.com/app/hotel_logo/prince2.jpg,3,https://jiwirooms.com//Bangalore/Hotel-Lodge-and-Dormitory/profile/Hotel-The-Prince-Royal_BUDGET_STAYS_HOTEL_RWRp
Dass Suites,Kormangala , Bangalore,https://jiwirooms.com/app/hotel_logo/39181.jpg,3,https://jiwirooms.com//Bangalore/Hotel-Lodge-and-Dormitory/profile/Dass-Suites_BUDGET_STAYS_HOTEL_RYRx
Sapphire stay,someshwara nagar , Bangalore,https://jiwirooms.com/app/hotel_logo/sap7.jpg,3,https://jiwirooms.com//Bangalore/Homestay-and-Guest-House/profile/Sapphire-stay_BUDGET_STAYS_HOTEL_RWQp
Hotel Archana Comforts,J C Road , Bangalore,https://jiwirooms.com/app/hotel_logo/39623.jpg,3,https://jiwirooms.com//Bangalore/Hotel-Lodge-and-Dormitory/profile/Hotel-Archana-Comforts_BUDGET_STAYS_HOTEL_RYWr
Vinaya Royal Inn,Electronic city , Bangalore,https://jiwirooms.com/app/hotel_logo/38367.jpg,3,https://jiwirooms.com//Bangalore/Hotel-Lodge-and-Dormitory/profile/Vinaya-Royal-Inn_BUDGET_STAYS_HOTEL_RXTv
Queens Castle,BTM Layout , Bangalore,https://jiwirooms.com/app/hotel_logo/quee1.jpg,3,https://jiwirooms.com//Bangalore/Hotel-Lodge-and-Dormitory/profile/Queens-Castle_BUDGET_STAYS_HOTEL_RWUr
Nagananda residency,Jayanagar , Bangalore,https://jiwirooms.com/app/hotel_logo/37823.jpg,3,https://jiwirooms.com//Bangalore/Hotel-Lodge-and-Dormitory/profile/Nagananda-residency_BUDGET_STAYS_HOTEL_RWYr
Mouvrya paradise,yaswanthpura , Bangalore,https://jiwirooms.com/app/hotel_logo/mou6.jpg,3,https://jiwirooms.com//Bangalore/Hotel-Lodge-and-Dormitory/profile/Mouvrya-paradise_BUDGET_STAYS_HOTEL_RVTy
Queens Castle,Ulsoor , Bangalore,https://jiwirooms.com/app/hotel_logo/que1.jpg,3,https://jiwirooms.com//Bangalore/Homestay-and-Guest-House/profile/Queens-Castle_BUDGET_STAYS_HOTEL_RWTr
Hotel GS Suites,Koramangala , Bangalore,https://jiwirooms.com/app/hotel_logo/38762.jpg,5,https://jiwirooms.com//Bangalore/Hotel-Lodge-and-Dormitory/profile/Hotel-GS-Suites_BUDGET_STAYS_HOTEL_RXXv
Vijaya Lakshmi residency,Bannerghatta Road , Bangalore,https://jiwirooms.com/app/hotel_logo/vijaya4.jpg,3,https://jiwirooms.com//Bangalore/Hotel-Lodge-and-Dormitory/profile/Vijaya-Lakshmi-residency_BUDGET_STAYS_HOTEL_RVUs
SRS deluxe lodge,hesaraghatta main road , Bangalore,https://jiwirooms.com/app/hotel_logo/srs1.jpg,3,https://jiwirooms.com//Bangalore/Homestay-and-Guest-House/profile/SRS-deluxe-lodge_BUDGET_STAYS_HOTEL_RVUy
Atithi residency,Marathahalli , Bangalore,https://jiwirooms.com/app/hotel_logo/atithi-residency-marthahalli-bengaluru-room-142139410765-orig.jpg,3,https://jiwirooms.com//Bangalore/Homestay-and-Guest-House/profile/Atithi-residency_BUDGET_STAYS_HOTEL_RWSr
Symphony Suites,Jayanagar East End , Bangalore,https://jiwirooms.com/app/hotel_logo/39115.JPG,3,https://jiwirooms.com//Bangalore/Homestay-and-Guest-House/profile/Symphony-Suites_BUDGET_STAYS_HOTEL_RYRq
MAK Hotel,Domlur , Bangalore,https://jiwirooms.com/app/hotel_logo/mak5.jpg,3,https://jiwirooms.com//Bangalore/Hotel-Lodge-and-Dormitory/profile/MAK-Hotel_BUDGET_STAYS_HOTEL_RWUq
Deeya suites,Yeshwanthpur , Bangalore,https://jiwirooms.com/app/hotel_logo/dee4.jpg,3,https://jiwirooms.com//Bangalore/Homestay-and-Guest-House/profile/Deeya-suites_BUDGET_STAYS_HOTEL_RWXx
Hotel pai vista,KR ROAD , Bangalore,https://jiwirooms.com/app/hotel_logo/2s.webp,3,https://jiwirooms.com//Bangalore/Hotel-Lodge-and-Dormitory/profile/Hotel-pai-vista_BUDGET_STAYS_HOTEL_RWXq
HOTEL SHIVAALS RESIDENCY,Rajaji Nagar , Bangalore,https://jiwirooms.com/app/hotel_logo/shiv5.jpg,3,https://jiwirooms.com//Bangalore/Hotel-Lodge-and-Dormitory/profile/HOTEL-SHIVAALS-RESIDENCY_BUDGET_STAYS_HOTEL_RVVu
NEW Crescent Citadel,HAL ROAD , Bangalore,https://jiwirooms.com/app/hotel_logo/new cit2.jpg,3,https://jiwirooms.com//Bangalore/Homestay-and-Guest-House/profile/NEW-Crescent-Citadel_BUDGET_STAYS_HOTEL_RWUv
Hotel Malnad grand inn,Kaniminike , Bangalore,https://jiwirooms.com/app/hotel_logo/mal1.jpg,3,https://jiwirooms.com//Bangalore/Homestay-and-Guest-House/profile/Hotel-Malnad-grand-inn_BUDGET_STAYS_HOTEL_RWSt
The president hotel,Jayanagar , Bangalore,https://jiwirooms.com/app/hotel_logo/4s.jpg,3,https://jiwirooms.com//Bangalore/Hotel-Lodge-and-Dormitory/profile/The-president-hotel_BUDGET_STAYS_HOTEL_RWWx
Goyal Residency,Electronic City , Bangalore,https://jiwirooms.com/app/hotel_logo/goy6.jpg,3,https://jiwirooms.com//Bangalore/Hotel-Lodge-and-Dormitory/profile/Goyal-Residency_BUDGET_STAYS_HOTEL_RWUt
Aryan residency lodge,Rajaji Nagar , Bangalore,https://jiwirooms.com/app/hotel_logo/IMG_20180111_123102.jpg,3,https://jiwirooms.com//Bangalore/Hotel-Lodge-and-Dormitory/profile/Aryan-residency-lodge_BUDGET_STAYS_HOTEL_RVVt
Hotel sarovar grand,New airport road , Bangalore,https://jiwirooms.com/app/hotel_logo/373322.jpg,3,https://jiwirooms.com//Bangalore/Hotel-Lodge-and-Dormitory/profile/Hotel-sarovar-grand_BUDGET_STAYS_HOTEL_RWTs
Sri Balaji residency,Rajaji Nagar , Bangalore,https://jiwirooms.com/app/hotel_logo/bal5.jpg,3,https://jiwirooms.com//Bangalore/Hotel-Lodge-and-Dormitory/profile/Sri-Balaji-residency_BUDGET_STAYS_HOTEL_RVVr
Kaveri deluxe,yaswanthpura , Bangalore,https://jiwirooms.com/app/hotel_logo/kav6.jpg,3,https://jiwirooms.com//Bangalore/Hotel-Lodge-and-Dormitory/profile/Kaveri-deluxe_BUDGET_STAYS_HOTEL_RVTr
HOTEL LG PARK,Hosakote , Bangalore,https://jiwirooms.com/app/hotel_logo/jiwirooms_4091_1545286072_40915.jpg,3,https://jiwirooms.com//Bangalore/Hotel-Lodge-and-Dormitory/profile/HOTEL-LG-PARK_BUDGET_STAYS_HOTEL_SPZq
Hotel Nandhini,JP Nagar , Bangalore,https://jiwirooms.com/app/hotel_logo/nanjp4.jpg,3,https://jiwirooms.com//Bangalore/Hotel-Lodge-and-Dormitory/profile/Hotel-Nandhini_BUDGET_STAYS_HOTEL_RVXx
Champian orchid,Bansankari , Bangalore,https://jiwirooms.com/app/hotel_logo/co3.jpg,5,https://jiwirooms.com//Bangalore/Homestay-and-Guest-House/profile/Champian-orchid_BUDGET_STAYS_HOTEL_RVRu
Hotel Thanga Orchid,T Dasarahalli , Bangalore,https://jiwirooms.com/app/hotel_logo/39272.jpg,3,https://jiwirooms.com//Bangalore/Hotel-Lodge-and-Dormitory/profile/Hotel-Thanga-Orchid_BUDGET_STAYS_HOTEL_RYSw
shree bhavani palace,Cottonpet , Bangalore,https://jiwirooms.com/app/hotel_logo/bha3.jpg,3,https://jiwirooms.com//Bangalore/Hotel-Lodge-and-Dormitory/profile/shree-bhavani-palace_BUDGET_STAYS_HOTEL_RWUs
Ajantha komforts,JP Nagar , Bangalore,https://jiwirooms.com/app/hotel_logo/aj3.jpg,3,https://jiwirooms.com//Bangalore/Homestay-and-Guest-House/profile/Ajantha-komforts_BUDGET_STAYS_HOTEL_RVVw
Hotel Vasavi residency,BTM Layout , Bangalore,https://jiwirooms.com/app/hotel_logo/37843.jpg,3,https://jiwirooms.com//Bangalore/Hotel-Lodge-and-Dormitory/profile/Hotel-Vasavi-residency_BUDGET_STAYS_HOTEL_RWYt
VR Royal residency,whitefield , Bangalore,https://jiwirooms.com/app/hotel_logo/vrroyal2.jpg,3,https://jiwirooms.com//Bangalore/Homestay-and-Guest-House/profile/VR-Royal-residency_BUDGET_STAYS_HOTEL_RWQr
Plus Point,Belandur gate , Bangalore,https://jiwirooms.com/app/hotel_logo/39667.jpg,3,https://jiwirooms.com//Bangalore/Hotel-Lodge-and-Dormitory/profile/Plus-Point_BUDGET_STAYS_HOTEL_RYWv
Swiss Royal Suites,Yelahanka , Bangalore,https://jiwirooms.com/app/hotel_logo/swiss3.jpg,3,https://jiwirooms.com//Bangalore/Homestay-and-Guest-House/profile/Swiss-Royal-Suites_BUDGET_STAYS_HOTEL_RWWu
Tripura deluxe,Sanjay Nagar , Bangalore,https://jiwirooms.com/app/hotel_logo/tri 5.jpg,3,https://jiwirooms.com//Bangalore/Homestay-and-Guest-House/profile/Tripura-deluxe_BUDGET_STAYS_HOTEL_RWYq
New Pavan Lodge,Marathahalli bridge , Bangalore,https://jiwirooms.com/app/hotel_logo/pav4.jpg,3,https://jiwirooms.com//Bangalore/Homestay-and-Guest-House/profile/New-Pavan-Lodge_BUDGET_STAYS_HOTEL_RWSq
Citizen boarding and lodging,yaswanthpura , Bangalore,https://jiwirooms.com/app/hotel_logo/cit1.jpg,3,https://jiwirooms.com//Bangalore/Hotel-Lodge-and-Dormitory/profile/Citizen-boarding-and-lodging_BUDGET_STAYS_HOTEL_RVTp
THE PARK RESIDENCY,Residency Road , Bangalore,https://jiwirooms.com/app/hotel_logo/102.jpg,3,https://jiwirooms.com//Bangalore/Hotel-Lodge-and-Dormitory/profile/THE-PARK-RESIDENCY_BUDGET_STAYS_HOTEL_RYWw
U D residency,Jayanagar , Bangalore,https://jiwirooms.com/app/hotel_logo/ud3.jpg,3,https://jiwirooms.com//Bangalore/Hotel-Lodge-and-Dormitory/profile/U-D-residency_BUDGET_STAYS_HOTEL_RVVv
Bhagini residency,hebbal , Bangalore,https://jiwirooms.com/app/hotel_logo/B15A1235 (2).JPG,3,https://jiwirooms.com//Bangalore/Homestay-and-Guest-House/profile/Bhagini-residency_BUDGET_STAYS_HOTEL_RVWs
My Resort,Nanjapura village , Bangalore,https://jiwirooms.com/app/hotel_logo/38356.jpg,3,https://jiwirooms.com//Bangalore/Resort-and-Cottage/profile/My-Resort_BUDGET_STAYS_HOTEL_RXTu
Hotel nandhini,Minerva circle , Bangalore,https://jiwirooms.com/app/hotel_logo/nanst2.jpg,3,https://jiwirooms.com//Bangalore/Homestay-and-Guest-House/profile/Hotel-nandhini_BUDGET_STAYS_HOTEL_RVXw
T S Royal Grand Hotel,chandapura , Bangalore,https://jiwirooms.com/app/hotel_logo/38084.jpg,3,https://jiwirooms.com//Bangalore/Hotel-Lodge-and-Dormitory/profile/T-S-Royal-Grand-Hotel_BUDGET_STAYS_HOTEL_RXQx
Hotel garden comforts,Wilson Garden , Bangalore,https://jiwirooms.com/app/hotel_logo/gcom2.jpg,3,https://jiwirooms.com//Bangalore/Hotel-Lodge-and-Dormitory/profile/Hotel-garden-comforts_BUDGET_STAYS_HOTEL_RVTt
HILAND Suites,shivananda circle , Bangalore,https://jiwirooms.com/app/hotel_logo/hiland4.jpg,3,https://jiwirooms.com//Bangalore/Homestay-and-Guest-House/profile/HILAND-Suites_BUDGET_STAYS_HOTEL_RWSy
Ashraya International Hotel,Infantry Road , Bangalore,https://jiwirooms.com/app/hotel_logo/37972.jpg,3,https://jiwirooms.com//Bangalore/Hotel-Lodge-and-Dormitory/profile/Ashraya-International-Hotel_BUDGET_STAYS_HOTEL_RWZw
Symphony Suites,Arakere , Bangalore,https://jiwirooms.com/app/hotel_logo/39122.JPG,3,https://jiwirooms.com//Bangalore/Homestay-and-Guest-House/profile/Symphony-Suites_BUDGET_STAYS_HOTEL_RYRr
Hotel Champion inn,Mathikere , Bangalore,https://jiwirooms.com/app/hotel_logo/IMG-20180227-WA0007 (1).jpg,3,https://jiwirooms.com//Bangalore/Hotel-Lodge-and-Dormitory/profile/Hotel-Champion-inn_BUDGET_STAYS_HOTEL_RWVu
The Prinice Gardenia,Uttharahalli , Bangalore,https://jiwirooms.com/app/hotel_logo/Royal Executive.jpg,3,https://jiwirooms.com//Bangalore/Homestay-and-Guest-House/profile/The-Prinice-Gardenia_BUDGET_STAYS_HOTEL_RWRq
Paradise suites,Madiwala , Bangalore,https://jiwirooms.com/app/hotel_logo/IMG-20180809-WA0002.jpg,3,https://jiwirooms.com//Bangalore/Hotel-Lodge-and-Dormitory/profile/Paradise-suites_BUDGET_STAYS_HOTEL_RVXp
Transit Dorms,BTM Layout , Bangalore,https://jiwirooms.com/app/hotel_logo/37992.jpg,3,https://jiwirooms.com//Bangalore/Hotel-Lodge-and-Dormitory/profile/Transit-Dorms_BUDGET_STAYS_HOTEL_RVQu
Hotel golden bell,Bhuvanappa Layout , Bangalore,https://jiwirooms.com/app/hotel_logo/Capture22.JPG,3,https://jiwirooms.com//Bangalore/Hotel-Lodge-and-Dormitory/profile/Hotel-golden-bell_BUDGET_STAYS_HOTEL_RVXr
NAKSHATRA LODGE,Hosakote , Bangalore,https://jiwirooms.com/app/hotel_logo/jiwirooms_4092_1545286170_IMG-20181220-WA0002.jpg,3,https://jiwirooms.com//Bangalore/Hotel-Lodge-and-Dormitory/profile/NAKSHATRA-LODGE_BUDGET_STAYS_HOTEL_SPZr
sunray inn,kadubisanahalli , Bangalore,https://jiwirooms.com/app/hotel_logo/1.jpg,3,https://jiwirooms.com//Bangalore/Homestay-and-Guest-House/profile/sunray-inn_BUDGET_STAYS_HOTEL_RWVq
Hotel R R international,Gandhi Nagar , Bangalore,https://jiwirooms.com/app/hotel_logo/rr5.jpg,3,https://jiwirooms.com//Bangalore/Homestay-and-Guest-House/profile/Hotel-R-R-international_BUDGET_STAYS_HOTEL_RVUq
Adyar Ananda Bhavan Residency,Nagawara , Bangalore,https://jiwirooms.com/app/hotel_logo/adnag1.jpg,3,https://jiwirooms.com//Bangalore/Homestay-and-Guest-House/profile/Adyar-Ananda-Bhavan-Residency_BUDGET_STAYS_HOTEL_RVWt
Lords Eco inn,nayandahalli , Bangalore,https://jiwirooms.com/app/hotel_logo/5s.jpg,3,https://jiwirooms.com//Bangalore/Hotel-Lodge-and-Dormitory/profile/Lords-Eco-inn_BUDGET_STAYS_HOTEL_RWXt
Hotel Empark,Wilson Garden , Bangalore,https://jiwirooms.com/app/hotel_logo/he4.jpg,3,https://jiwirooms.com//Bangalore/Hotel-Lodge-and-Dormitory/profile/Hotel-Empark_BUDGET_STAYS_HOTEL_RVUr
Hotel nandhini,St marks road , Bangalore,https://jiwirooms.com/app/hotel_logo/nand5.jpg,3,https://jiwirooms.com//Bangalore/Homestay-and-Guest-House/profile/Hotel-nandhini_BUDGET_STAYS_HOTEL_RVXv
Queens Castle,HSR Layout , Bangalore,https://jiwirooms.com/app/hotel_logo/qu1.jpg,3,https://jiwirooms.com//Bangalore/Homestay-and-Guest-House/profile/Queens-Castle_BUDGET_STAYS_HOTEL_RWTy
Kadamba guestline,KENGERI , Bangalore,https://jiwirooms.com/app/hotel_logo/69c23e8aa2185863.jpg,3,https://jiwirooms.com//Bangalore/Homestay-and-Guest-House/profile/Kadamba-guestline_BUDGET_STAYS_HOTEL_RWWr
Richmond suites,Richmond Town , Bangalore,https://jiwirooms.com/app/hotel_logo/rich6.jpg,3,https://jiwirooms.com//Bangalore/Homestay-and-Guest-House/profile/Richmond-suites_BUDGET_STAYS_HOTEL_RWWp
Aster Vue,Assaye Road , Bangalore,https://jiwirooms.com/app/hotel_logo/37372.jpg,3,https://jiwirooms.com//Bangalore/Hotel-Lodge-and-Dormitory/profile/Aster-Vue_BUDGET_STAYS_HOTEL_RWTw
Pai viceroy,Jayanagar , Bangalore,https://jiwirooms.com/app/hotel_logo/vice3.jpg,3,https://jiwirooms.com//Bangalore/Hotel-Lodge-and-Dormitory/profile/Pai-viceroy_BUDGET_STAYS_HOTEL_RWWw
Coastal King,Jalahalli , Bangalore,https://jiwirooms.com/app/hotel_logo/coas3.jfif,3,https://jiwirooms.com//Bangalore/Hotel-Lodge-and-Dormitory/profile/Coastal-King_BUDGET_STAYS_HOTEL_RWXw
Homes stay service apartment,JP Nagar , Bangalore,https://jiwirooms.com/app/hotel_logo/HSA 3.jpg,3,https://jiwirooms.com//Bangalore/Hotel-Lodge-and-Dormitory/profile/Homes-stay-service-apartment_BUDGET_STAYS_HOTEL_RWYs
Hotel Sampradaya,Mylasandra , Bangalore,https://jiwirooms.com/app/hotel_logo/sam3.jpg,3,https://jiwirooms.com//Bangalore/Homestay-and-Guest-House/profile/Hotel-Sampradaya_BUDGET_STAYS_HOTEL_RWQw
Surya residency,Mejestic , Bangalore,https://jiwirooms.com/app/hotel_logo/jiwirooms_3604_1545289246_36021.jpg,4,https://jiwirooms.com//Bangalore/Hotel-Lodge-and-Dormitory/profile/Surya-residency_BUDGET_STAYS_HOTEL_RVQt
Pauls Inn,Hosur Main Road , Bangalore,https://jiwirooms.com/app/hotel_logo/39583.jpg,3,https://jiwirooms.com//Bangalore/Hotel-Lodge-and-Dormitory/profile/Pauls-Inn_BUDGET_STAYS_HOTEL_RYVx
Hotel ganga sagar,Koramangala , Bangalore,https://jiwirooms.com/app/hotel_logo/sag5.jpg,3,https://jiwirooms.com//Bangalore/Homestay-and-Guest-House/profile/Hotel-ganga-sagar_BUDGET_STAYS_HOTEL_RWRx
Crown Orchid Luxury Homes,Chandapura , Bangalore,https://jiwirooms.com/app/hotel_logo/38102.jpg,3,https://jiwirooms.com//Bangalore/Homestay-and-Guest-House/profile/Crown-Orchid-Luxury-Homes_BUDGET_STAYS_HOTEL_RXRp
Green garden residency,Electronic City , Bangalore,https://jiwirooms.com/app/hotel_logo/IMG-20180811-WA0008.jpg,3,https://jiwirooms.com//Bangalore/Hotel-Lodge-and-Dormitory/profile/Green-garden-residency_BUDGET_STAYS_HOTEL_RVXq
Sri Shambhavi comforts,JP Nagar , Bangalore,https://jiwirooms.com/app/hotel_logo/sam5.jpg,3,https://jiwirooms.com//Bangalore/Hotel-Lodge-and-Dormitory/profile/Sri-Shambhavi-comforts_BUDGET_STAYS_HOTEL_RVZu
Alcott Hotel and resorts,Jayanagar , Bangalore,https://jiwirooms.com/app/hotel_logo/DELUXE ROOM (2) (2).JPG,3,https://jiwirooms.com//Bangalore/Homestay-and-Guest-House/profile/Alcott-Hotel-and-resorts_BUDGET_STAYS_HOTEL_RWVs
Oakwey inn,Indira Nagar , Bangalore,https://jiwirooms.com/app/hotel_logo/oak5.jpg,3,https://jiwirooms.com//Bangalore/Hotel-Lodge-and-Dormitory/profile/Oakwey-inn_BUDGET_STAYS_HOTEL_RXQu
Hotel Sri Thirumala Paradise,Cottonpet , Bangalore,https://jiwirooms.com/app/hotel_logo/jiwirooms_4089_1544691837_40892.jpg,3,https://jiwirooms.com//Bangalore/Hotel-Lodge-and-Dormitory/profile/Hotel-Sri-Thirumala-Paradise_BUDGET_STAYS_HOTEL_SPYy
Swaraj Sarovar,Madiwala , Bangalore,https://jiwirooms.com/app/hotel_logo/39393.jpg,3,https://jiwirooms.com//Bangalore/Hotel-Lodge-and-Dormitory/profile/Swaraj-Sarovar_BUDGET_STAYS_HOTEL_RYTy
Malnad guest line,KENGERI , Bangalore,https://jiwirooms.com/app/hotel_logo/malnad2.JPG,3,https://jiwirooms.com//Bangalore/Hotel-Lodge-and-Dormitory/profile/Malnad-guest-line_BUDGET_STAYS_HOTEL_RWSu
La Classic,Attibele , Bangalore,https://jiwirooms.com/app/hotel_logo/40853.jpg,3,https://jiwirooms.com//Bangalore/Hotel-Lodge-and-Dormitory/profile/La-Classic_BUDGET_STAYS_HOTEL_SPYu
Hotel Royal inn,Rajaji Nagar , Bangalore,https://jiwirooms.com/app/hotel_logo/roy2.jpg,3,https://jiwirooms.com//Bangalore/Hotel-Lodge-and-Dormitory/profile/Hotel-Royal-inn_BUDGET_STAYS_HOTEL_RVWp
Hotel sai arcade,shivananda circle , Bangalore,https://jiwirooms.com/app/hotel_logo/saia5.jpg,3,https://jiwirooms.com//Bangalore/Homestay-and-Guest-House/profile/Hotel-sai-arcade_BUDGET_STAYS_HOTEL_RVRt
Trinity suites,Ulsoor , Bangalore,https://jiwirooms.com/app/hotel_logo/38781.jpg,3,https://jiwirooms.com//Bangalore/Homestay-and-Guest-House/profile/Trinity-suites_BUDGET_STAYS_HOTEL_RXXx
SV Suites,judicial layout , Bangalore,https://jiwirooms.com/app/hotel_logo/sv2.jpg,3,https://jiwirooms.com//Bangalore/Hotel-Lodge-and-Dormitory/profile/SV-Suites_BUDGET_STAYS_HOTEL_RWUw
chandrus Paradise,Shivarama Karanthanagar , Bangalore,https://jiwirooms.com/app/hotel_logo/37663.jpg,3,https://jiwirooms.com//Bangalore/Hotel-Lodge-and-Dormitory/profile/chandrus-Paradise_BUDGET_STAYS_HOTEL_RWWv
Sri sapthagiri  deluxe lodge,bidadi , Bangalore,https://jiwirooms.com/app/hotel_logo/sap5.jpg,3,https://jiwirooms.com//Bangalore/Hotel-Lodge-and-Dormitory/profile/Sri-sapthagiri--deluxe-lodge_BUDGET_STAYS_HOTEL_RVUw
Hotel Gangothri,Koramangala , Bangalore,https://jiwirooms.com/app/hotel_logo/Room 1.JPG,3,https://jiwirooms.com//Bangalore/Homestay-and-Guest-House/profile/Hotel-Gangothri_BUDGET_STAYS_HOTEL_RWRw
Hotel pavithra paradise,basaverhwaranagar , Bangalore,https://jiwirooms.com/app/hotel_logo/37563.jpg,3,https://jiwirooms.com//Bangalore/Homestay-and-Guest-House/profile/Hotel-pavithra-paradise_BUDGET_STAYS_HOTEL_RWVv
Kengeri gateway comforts,Cottonpet , Bangalore,https://jiwirooms.com/app/hotel_logo/ken6.jpg,3,https://jiwirooms.com//Bangalore/Hotel-Lodge-and-Dormitory/profile/Kengeri-gateway-comforts_BUDGET_STAYS_HOTEL_RVSy
Sapphire inn,Lakkasandra , Bangalore,https://jiwirooms.com/app/hotel_logo/sapp6.jpg,3,https://jiwirooms.com//Bangalore/Homestay-and-Guest-House/profile/Sapphire-inn_BUDGET_STAYS_HOTEL_RVZy
The wood bridge hotel,Bannerghatta Road , Bangalore,https://jiwirooms.com/app/hotel_logo/wood3.jpg,3,https://jiwirooms.com//Bangalore/Hotel-Lodge-and-Dormitory/profile/The-wood-bridge-hotel_BUDGET_STAYS_HOTEL_RVUp
Garden Green Suites,indiranagar , Bangalore,https://jiwirooms.com/app/hotel_logo/38006.jpg,3,https://jiwirooms.com//Bangalore/Hotel-Lodge-and-Dormitory/profile/Garden-Green-Suites_BUDGET_STAYS_HOTEL_RXQp
Magaji Orchid,Sheshadripuram , Bangalore,https://jiwirooms.com/app/hotel_logo/39615.jpg,3,https://jiwirooms.com//Bangalore/Hotel-Lodge-and-Dormitory/profile/Magaji-Orchid_BUDGET_STAYS_HOTEL_RYWq
S S Residency,S R Nagar , Bangalore,https://jiwirooms.com/app/hotel_logo/ss1.jpg,3,https://jiwirooms.com//Bangalore/Hotel-Lodge-and-Dormitory/profile/S-S-Residency_BUDGET_STAYS_HOTEL_RWUp
Address inn,Madiwala , Bangalore,https://jiwirooms.com/app/hotel_logo/add3.jpg,3,https://jiwirooms.com//Bangalore/Hotel-Lodge-and-Dormitory/profile/Address-inn_BUDGET_STAYS_HOTEL_RVUt
OTEL get fresh,R T NAGAR , Bangalore,https://jiwirooms.com/app/hotel_logo/otel3.jpg,3,https://jiwirooms.com//Bangalore/Homestay-and-Guest-House/profile/OTEL-get-fresh_BUDGET_STAYS_HOTEL_RWTq
Skylark service appartment,kalyan Nagar , Bangalore,https://jiwirooms.com/app/hotel_logo/37611.jpg,3,https://jiwirooms.com//Bangalore/Homestay-and-Guest-House/profile/Skylark-service-appartment_BUDGET_STAYS_HOTEL_RWWq
Srinidhhi residency,murugeshpalya , Bangalore,https://jiwirooms.com/app/hotel_logo/srin2.jpg,3,https://jiwirooms.com//Bangalore/Homestay-and-Guest-House/profile/Srinidhhi-residency_BUDGET_STAYS_HOTEL_RVYq
Status Suites,Domlur , Bangalore,https://jiwirooms.com/app/hotel_logo/39234.jpg,3,https://jiwirooms.com//Bangalore/Hotel-Lodge-and-Dormitory/profile/Status-Suites_BUDGET_STAYS_HOTEL_RYSs
Adyar ananda bhavan residency,Marathahalli , Bangalore,https://jiwirooms.com/app/hotel_logo/admar2.jpg,3,https://jiwirooms.com//Bangalore/Homestay-and-Guest-House/profile/Adyar-ananda-bhavan-residency_BUDGET_STAYS_HOTEL_RVWv
Hotel Classic comforts,JP Nagar , Bangalore,https://jiwirooms.com/app/hotel_logo/ccom4.jpg,4,https://jiwirooms.com//Bangalore/Hotel-Lodge-and-Dormitory/profile/Hotel-Classic-comforts_BUDGET_STAYS_HOTEL_RVZv
Vishal residency,Sheshadripuram , Bangalore,https://jiwirooms.com/app/hotel_logo/20180803_182222.jpg,3,https://jiwirooms.com//Bangalore/Homestay-and-Guest-House/profile/Vishal-residency_BUDGET_STAYS_HOTEL_RVRq
Hotel Pent House,Koramangala , Bangalore,https://jiwirooms.com/app/hotel_logo/39681.jpg,3,https://jiwirooms.com//Bangalore/Hotel-Lodge-and-Dormitory/profile/Hotel-Pent-House_BUDGET_STAYS_HOTEL_RYWx
Surya residency,Chikkajala , Bangalore,https://jiwirooms.com/app/hotel_logo/sur 3.jpg,3,https://jiwirooms.com//Bangalore/Hotel-Lodge-and-Dormitory/profile/Surya-residency_BUDGET_STAYS_HOTEL_RWTu
SLN Homes,Yelahanka , Bangalore,https://jiwirooms.com/app/hotel_logo/sln 5.jpg,3,https://jiwirooms.com//Bangalore/Hotel-Lodge-and-Dormitory/profile/SLN-Homes_BUDGET_STAYS_HOTEL_RWUx
Elite Park,Bannerghatta Road , Bangalore,https://jiwirooms.com/app/hotel_logo/j1058.jpg,3,https://jiwirooms.com//Bangalore/Hotel-Lodge-and-Dormitory/profile/Elite-Park_BUDGET_STAYS_HOTEL_PPVx
Viva Hotel,Bannerghatta Road , Bangalore,https://jiwirooms.com/app/hotel_logo/event_1134390_5167.jpg,3,https://jiwirooms.com//Bangalore/Hotel-Lodge-and-Dormitory/profile/Viva-Hotel_BUDGET_STAYS_HOTEL_V
C.B Deluxe Lodge,Majestic , Bangalore,https://jiwirooms.com/app/hotel_logo/event_989056_1064.jpg,4,https://jiwirooms.com//Bangalore/Hotel-Lodge-and-Dormitory/profile/C.B-Deluxe-Lodge_BUDGET_STAYS_HOTEL_SW
Madhu Lodge,B.V.K.Iyengar Road , Bangalore,https://jiwirooms.com/app/hotel_logo/j53.jpg,3,https://jiwirooms.com//Bangalore/Hotel-Lodge-and-Dormitory/profile/Madhu-Lodge_BUDGET_STAYS_HOTEL_TS
SPR Lodge,Kalasipalaya , Bangalore,https://jiwirooms.com/app/hotel_logo/j67.jpg,3,https://jiwirooms.com//Bangalore/Hotel-Lodge-and-Dormitory/profile/SPR-Lodge_BUDGET_STAYS_HOTEL_UW
The Lark,Bommasandra , Bangalore,https://jiwirooms.com/app/hotel_logo/j1881.jpg,3,https://jiwirooms.com//Bangalore/Hotel-Lodge-and-Dormitory/profile/The-Lark_BUDGET_STAYS_HOTEL_PXYq
Narayana Yathri Residency,Hosur Road , Bangalore,https://jiwirooms.com/app/hotel_logo/j1916.jpg,3,https://jiwirooms.com//Bangalore/Hotel-Lodge-and-Dormitory/profile/Narayana-Yathri-Residency_BUDGET_STAYS_HOTEL_PYRv
Hotel Amazing Inn,Bhuvanappa Layout , Bangalore,https://jiwirooms.com/app/hotel_logo/j1904.jpg,3,https://jiwirooms.com//Bangalore/Hotel-Lodge-and-Dormitory/profile/Hotel-Amazing-Inn_BUDGET_STAYS_HOTEL_PYQt
paradise suites,Madiwala , Bangalore,https://jiwirooms.com/app/hotel_logo/j3.jpg,3,https://jiwirooms.com//Bangalore/Hotel-Lodge-and-Dormitory/profile/paradise-suites_BUDGET_STAYS_HOTEL_R
Sri Krishna’s Suites,Bellandur , Bangalore,https://jiwirooms.com/app/hotel_logo/j1875.jpg,3,https://jiwirooms.com//Bangalore/Hotel-Lodge-and-Dormitory/profile/Sri-Krishna’s-Suites_BUDGET_STAYS_HOTEL_PXXu
Hotel Lalithamahal Palace,Majestic , Bangalore,https://jiwirooms.com/app/hotel_logo/event_1147441_5487.jpg,3,https://jiwirooms.com//Bangalore/Hotel-Lodge-and-Dormitory/profile/Hotel-Lalithamahal-Palace_BUDGET_STAYS_HOTEL_WS
Hotel Cozy Ambience,panduranga nagar , Bangalore,https://jiwirooms.com/app/hotel_logo/j1061.jpg,3,https://jiwirooms.com//Bangalore/Homestay-and-Guest-House/profile/Hotel-Cozy-Ambience_BUDGET_STAYS_HOTEL_PPWq
Sri Kumara Lodge,Gandhinagar , Bangalore,https://jiwirooms.com/app/hotel_logo/j71.jpg,3,https://jiwirooms.com//Bangalore/Hotel-Lodge-and-Dormitory/profile/Sri-Kumara-Lodge_BUDGET_STAYS_HOTEL_VQ
Sri Krishna Deluxe Lodge,KENGERI , Bangalore,https://jiwirooms.com/app/hotel_logo/j245.jpg,3,https://jiwirooms.com//Bangalore/Hotel-Lodge-and-Dormitory/profile/Sri-Krishna-Deluxe-Lodge_BUDGET_STAYS_HOTEL_QTV
Hotel Shiva Ganga,Majestic , Bangalore,https://jiwirooms.com/app/hotel_logo/Hotel Shiva Ganga.Bathroom Photo Cat 2.041347.jpg,3,https://jiwirooms.com//Bangalore/Hotel-Lodge-and-Dormitory/profile/Hotel-Shiva-Ganga_BUDGET_STAYS_HOTEL_QQX
Raj Deluxe Lodge,B.V.K.Iyengar Road , Bangalore,https://jiwirooms.com/app/hotel_logo/j55.jpg,3,https://jiwirooms.com//Bangalore/Hotel-Lodge-and-Dormitory/profile/Raj-Deluxe-Lodge_BUDGET_STAYS_HOTEL_TU
Hotel SeaPearl,Maruthi Nagar , Bangalore,https://jiwirooms.com/app/hotel_logo/j958.jpg,3,https://jiwirooms.com//Bangalore/Hotel-Lodge-and-Dormitory/profile/Hotel-SeaPearl_BUDGET_STAYS_HOTEL_XUY
Casino hotel,MSR Nagar , Bangalore,https://jiwirooms.com/app/hotel_logo/event_1150333_5765.jpg,3,https://jiwirooms.com//Bangalore/Hotel-Lodge-and-Dormitory/profile/Casino-hotel_BUDGET_STAYS_HOTEL_PQZ
Hotel Fa,Koramangala , Bangalore,https://jiwirooms.com/app/hotel_logo/event_1134369_5099.jpg,3,https://jiwirooms.com//Bangalore/Hotel-Lodge-and-Dormitory/profile/Hotel-Fa_BUDGET_STAYS_HOTEL_PP
Charu Comforts,Majestic , Bangalore,https://jiwirooms.com/app/hotel_logo/Charu Comforts.Room Cat 1 Photo 1.055407.jpg,3,https://jiwirooms.com//Bangalore/Hotel-Lodge-and-Dormitory/profile/Charu-Comforts_BUDGET_STAYS_HOTEL_QPS
Bhagini Deluxe Lodge,Marthahalli , Bangalore,https://jiwirooms.com/app/hotel_logo/event_1169358_1762.jpg,3,https://jiwirooms.com//Bangalore/Hotel-Lodge-and-Dormitory/profile/Bhagini-Deluxe-Lodge_BUDGET_STAYS_HOTEL_PVX
Hotel Vasavi Residency,BTM Layout , Bangalore,https://jiwirooms.com/app/hotel_logo/j1915.jpg,3,https://jiwirooms.com//Bangalore/Hotel-Lodge-and-Dormitory/profile/Hotel-Vasavi-Residency_BUDGET_STAYS_HOTEL_PYRu
New Pawan Lodge,Marthahalli , Bangalore,https://jiwirooms.com/app/hotel_logo/j165.jpg,3,https://jiwirooms.com//Bangalore/Hotel-Lodge-and-Dormitory/profile/New-Pawan-Lodge_BUDGET_STAYS_HOTEL_PVV
Hari Dormitories,Marthahalli , Bangalore,https://jiwirooms.com/app/hotel_logo/event_1169530_1842.jpg,3,https://jiwirooms.com//Bangalore/Hotel-Lodge-and-Dormitory/profile/Hari-Dormitories_BUDGET_STAYS_HOTEL_PVU
Hotel Arama Suites,Bannerghatta Road , Bangalore,https://jiwirooms.com/app/hotel_logo/j1059.jpg,3,https://jiwirooms.com//Bangalore/Hotel-Lodge-and-Dormitory/profile/Hotel-Arama-Suites_BUDGET_STAYS_HOTEL_PPVy
Prestige Residency,B.V.K.Iyengar Road , Bangalore,https://jiwirooms.com/app/hotel_logo/j65.jpg,3,https://jiwirooms.com//Bangalore/Hotel-Lodge-and-Dormitory/profile/Prestige-Residency_BUDGET_STAYS_HOTEL_UU
DARSHAN LODGE,Yeshwanthpur , Bangalore,https://jiwirooms.com/app/hotel_logo/event_1147796_6130.jpg,3,https://jiwirooms.com//Bangalore/Hotel-Lodge-and-Dormitory/profile/DARSHAN-LODGE_BUDGET_STAYS_HOTEL_PQS
Seasons Residency,Electronic City , Bangalore,https://jiwirooms.com/app/hotel_logo/j1861.jpg,3,https://jiwirooms.com//Bangalore/Hotel-Lodge-and-Dormitory/profile/Seasons-Residency_BUDGET_STAYS_HOTEL_PXWq
Hotel Diva Residency,Gandhinagar , Bangalore,https://jiwirooms.com/app/hotel_logo/j234.jpg,3,https://jiwirooms.com//Bangalore/Hotel-Lodge-and-Dormitory/profile/Hotel-Diva-Residency_BUDGET_STAYS_HOTEL_QSU
Empark Inn,Jayanagar , Bangalore,https://jiwirooms.com/app/hotel_logo/event_895781_2054.jpg,3,https://jiwirooms.com//Bangalore/Hotel-Lodge-and-Dormitory/profile/Empark-Inn_BUDGET_STAYS_HOTEL_XU
Central Inn Lodge,Ashoka road , Bangalore,https://jiwirooms.com/app/hotel_logo/j1865.jpg,3,https://jiwirooms.com//Bangalore/Hotel-Lodge-and-Dormitory/profile/Central-Inn-Lodge_BUDGET_STAYS_HOTEL_PXWu
Hotel Sapphire Boarding and Lodging,Kalasipalaya , Bangalore,https://jiwirooms.com/app/hotel_logo/event_1146351_889.jpg,4,https://jiwirooms.com//Bangalore/Hotel-Lodge-and-Dormitory/profile/Hotel-Sapphire-Boarding-and-Lodging_BUDGET_STAYS_HOTEL_UP
SRI AKSHAYA GOLD DELUXE LODGE,Yeshwanthpur , Bangalore,https://jiwirooms.com/app/hotel_logo/j301.jpg,3,https://jiwirooms.com//Bangalore/Hotel-Lodge-and-Dormitory/profile/SRI-AKSHAYA-GOLD-DELUXE-LODGE_BUDGET_STAYS_HOTEL_RPR
Hotel Thanga Grand,Dasarahalli , Bangalore,https://jiwirooms.com/app/hotel_logo/j1052.jpg,3,https://jiwirooms.com//Bangalore/Hotel-Lodge-and-Dormitory/profile/Hotel-Thanga-Grand_BUDGET_STAYS_HOTEL_PPVr
Akshaya palace,Majestic , Bangalore,https://jiwirooms.com/app/hotel_logo/20170621_144506.JPG,3,https://jiwirooms.com//Bangalore/Hotel-Lodge-and-Dormitory/profile/Akshaya-palace_BUDGET_STAYS_HOTEL_QU
Shree Bhavani Palace,Majestic , Bangalore,https://jiwirooms.com/app/hotel_logo/j182.jpg,3,https://jiwirooms.com//Bangalore/Hotel-Lodge-and-Dormitory/profile/Shree-Bhavani-Palace_BUDGET_STAYS_HOTEL_PXS
Hotel Seven Olives, bommanahalli , Bangalore,https://jiwirooms.com/app/hotel_logo/j1944.jpg,3,https://jiwirooms.com//Bangalore/Hotel-Lodge-and-Dormitory/profile/Hotel-Seven-Olives_BUDGET_STAYS_HOTEL_PYUt
Shoba Residency,HBR layout , Bangalore,https://jiwirooms.com/app/hotel_logo/j1905.jpg,3,https://jiwirooms.com//Bangalore/Hotel-Lodge-and-Dormitory/profile/Shoba-Residency_BUDGET_STAYS_HOTEL_PYQu
Quality Inn,J P Nagar , Bangalore,https://jiwirooms.com/app/hotel_logo/j1057.jpg,3,https://jiwirooms.com//Bangalore/Hotel-Lodge-and-Dormitory/profile/Quality-Inn_BUDGET_STAYS_HOTEL_PPVw
The Hotel Nalanda,Bommasandra , Bangalore,https://jiwirooms.com/app/hotel_logo/j1896.jpg,3,https://jiwirooms.com//Bangalore/Hotel-Lodge-and-Dormitory/profile/The-Hotel-Nalanda_BUDGET_STAYS_HOTEL_PXZv
Royal Komfort,Madiwala , Bangalore,https://jiwirooms.com/app/hotel_logo/j1933.jpg,3,https://jiwirooms.com//Bangalore/Hotel-Lodge-and-Dormitory/profile/Royal-Komfort_BUDGET_STAYS_HOTEL_PYTs
Hotel Sai yatrinivas,Gandhinagar , Bangalore,https://jiwirooms.com/app/hotel_logo/j36.jpg,3,https://jiwirooms.com//Bangalore/Hotel-Lodge-and-Dormitory/profile/Hotel-Sai-yatrinivas_BUDGET_STAYS_HOTEL_RV
Shree Pawan Paradise,Majestic , Bangalore,https://jiwirooms.com/app/hotel_logo/j76.jpg,3,https://jiwirooms.com//Bangalore/Hotel-Lodge-and-Dormitory/profile/Shree-Pawan-Paradise_BUDGET_STAYS_HOTEL_VV
HTM Rollex Lodge,Majestic , Bangalore,https://jiwirooms.com/app/hotel_logo/j30.jpg,4,https://jiwirooms.com//Bangalore/Hotel-Lodge-and-Dormitory/profile/HTM-Rollex-Lodge_BUDGET_STAYS_HOTEL_RP
Adarsh Lodge, Electronic City , Bangalore,https://jiwirooms.com/app/hotel_logo/j1862.jpg,3,https://jiwirooms.com//Bangalore/Hotel-Lodge-and-Dormitory/profile/Adarsh-Lodge_BUDGET_STAYS_HOTEL_PXWr
Vijaya Lakshmi Residency,Bannerghatta Road , Bangalore,https://jiwirooms.com/app/hotel_logo/event_1134394_5195.jpg,3,https://jiwirooms.com//Bangalore/Hotel-Lodge-and-Dormitory/profile/Vijaya-Lakshmi-Residency_BUDGET_STAYS_HOTEL_U
SRI PRASIDDHI PARADISE,Gandhinagar , Bangalore,https://jiwirooms.com/app/hotel_logo/j50.jpg,3,https://jiwirooms.com//Bangalore/Hotel-Lodge-and-Dormitory/profile/SRI-PRASIDDHI-PARADISE_BUDGET_STAYS_HOTEL_TP
Sri Sai Suites,Bannerghatta Road , Bangalore,https://jiwirooms.com/app/hotel_logo/j1857.jpg,3,https://jiwirooms.com//Bangalore/Hotel-Lodge-and-Dormitory/profile/Sri-Sai-Suites_BUDGET_STAYS_HOTEL_PXVw
Vijaya residency,BTM Layout , Bangalore,https://jiwirooms.com/app/hotel_logo/j1932.jpg,3,https://jiwirooms.com//Bangalore/Hotel-Lodge-and-Dormitory/profile/Vijaya-residency_BUDGET_STAYS_HOTEL_PYTr
HLV Grand Inn,SC road , Bangalore,https://jiwirooms.com/app/hotel_logo/j1732.jpg,3,https://jiwirooms.com//Bangalore/Hotel-Lodge-and-Dormitory/profile/HLV-Grand-Inn_BUDGET_STAYS_HOTEL_PWTr
Green's Residency,Kalasipalaya , Bangalore,https://jiwirooms.com/app/hotel_logo/j56.jpg,3,https://jiwirooms.com//Bangalore/Hotel-Lodge-and-Dormitory/profile/Green's-Residency_BUDGET_STAYS_HOTEL_TV
DREAMZ Lux Stay,Bommasandra , Bangalore,https://jiwirooms.com/app/hotel_logo/j1919.jpg,3,https://jiwirooms.com//Bangalore/Hotel-Lodge-and-Dormitory/profile/DREAMZ-Lux-Stay_BUDGET_STAYS_HOTEL_PYRy
Rajmahal comforts,BEL Road , Bangalore,https://jiwirooms.com/app/hotel_logo/j120.jpg,3,https://jiwirooms.com//Bangalore/Hotel-Lodge-and-Dormitory/profile/Rajmahal-comforts_BUDGET_STAYS_HOTEL_PRQ
Akshya Regency,Majestic , Bangalore,https://jiwirooms.com/app/hotel_logo/event_1146262_10088.jpg,3,https://jiwirooms.com//Bangalore/Hotel-Lodge-and-Dormitory/profile/Akshya-Regency_BUDGET_STAYS_HOTEL_TT
Hotel Shine Lodge,Koramangala , Bangalore,https://jiwirooms.com/app/hotel_logo/event_1149913_5503.jpg,3,https://jiwirooms.com//Bangalore/Hotel-Lodge-and-Dormitory/profile/Hotel-Shine-Lodge_BUDGET_STAYS_HOTEL_XY
ADARSH BOARDING & LODGING,Hosur Road , Bangalore,https://jiwirooms.com/app/hotel_logo/j1888.jpg,3,https://jiwirooms.com//Bangalore/Hotel-Lodge-and-Dormitory/profile/ADARSH-BOARDING-&-LODGING_BUDGET_STAYS_HOTEL_PXYx
The Woodbridge,Bannerghatta Road , Bangalore,https://jiwirooms.com/app/hotel_logo/j1935.jpg,3,https://jiwirooms.com//Bangalore/Hotel-Lodge-and-Dormitory/profile/The-Woodbridge_BUDGET_STAYS_HOTEL_PYTu
Floral Park,Lakasandra , Bangalore,https://jiwirooms.com/app/hotel_logo/event_1149920_5550.jpg,3,https://jiwirooms.com//Bangalore/Hotel-Lodge-and-Dormitory/profile/Floral-Park_BUDGET_STAYS_HOTEL_XX
H.L.V. GRAND INN,Gandhinagar , Bangalore,https://jiwirooms.com/app/hotel_logo/j31.jpg,3,https://jiwirooms.com//Bangalore/Hotel-Lodge-and-Dormitory/profile/H.L.V.-GRAND-INN_BUDGET_STAYS_HOTEL_RQ
Shiltonroyale,Koramangala , Bangalore,https://jiwirooms.com/app/hotel_logo/j106.jpg,3,https://jiwirooms.com//Bangalore/Hotel-Lodge-and-Dormitory/profile/Shiltonroyale_BUDGET_STAYS_HOTEL_PPW
VR Royal Residency,Marthahalli , Bangalore,https://jiwirooms.com/app/hotel_logo/j988.jpg,3,https://jiwirooms.com//Bangalore/Hotel-Lodge-and-Dormitory/profile/VR-Royal-Residency_BUDGET_STAYS_HOTEL_XXY
The Corporate Comforts,Jayanagar , Bangalore,https://jiwirooms.com/app/hotel_logo/j169.jpg,3,https://jiwirooms.com//Bangalore/Hotel-Lodge-and-Dormitory/profile/The-Corporate-Comforts_BUDGET_STAYS_HOTEL_PVZ
Raja Galaxy,J P Nagar , Bangalore,https://jiwirooms.com/app/hotel_logo/j1050.jpg,3,https://jiwirooms.com//Bangalore/Hotel-Lodge-and-Dormitory/profile/Raja-Galaxy_BUDGET_STAYS_HOTEL_PPVp
Hotel Shabari Gate,Majestic , Bangalore,https://jiwirooms.com/app/hotel_logo/event_1144545_5230.jpg,3,https://jiwirooms.com//Bangalore/Hotel-Lodge-and-Dormitory/profile/Hotel-Shabari-Gate_BUDGET_STAYS_HOTEL_PXT
Regal Residency,Bellandur , Bangalore,https://jiwirooms.com/app/hotel_logo/j1874.jpg,3,https://jiwirooms.com//Bangalore/Hotel-Lodge-and-Dormitory/profile/Regal-Residency_BUDGET_STAYS_HOTEL_PXXt
Vijay Residancy,BTM , Bangalore,https://jiwirooms.com/app/hotel_logo/j1044.jpg,3,https://jiwirooms.com//Bangalore/Hotel-Lodge-and-Dormitory/profile/Vijay-Residancy_BUDGET_STAYS_HOTEL_PPUt
Hotel Premier Comforts,Jalahalli , Bangalore,https://jiwirooms.com/app/hotel_logo/j1053.jpg,3,https://jiwirooms.com//Bangalore/Hotel-Lodge-and-Dormitory/profile/Hotel-Premier-Comforts_BUDGET_STAYS_HOTEL_PPVs
Hotel pushpamala pvt ltd,Gandhinagar , Bangalore,https://jiwirooms.com/app/hotel_logo/event_1143048_5291.jpg,3,https://jiwirooms.com//Bangalore/Hotel-Lodge-and-Dormitory/profile/Hotel-pushpamala-pvt-ltd_BUDGET_STAYS_HOTEL_QT
Brahma Inn,Bannerghatta Road , Bangalore,https://jiwirooms.com/app/hotel_logo/j1063.jpg,3,https://jiwirooms.com//Bangalore/Hotel-Lodge-and-Dormitory/profile/Brahma-Inn_BUDGET_STAYS_HOTEL_PPWs
SVM Lodge,Marthahalli , Bangalore,https://jiwirooms.com/app/hotel_logo/j168.jpg,3,https://jiwirooms.com//Bangalore/Hotel-Lodge-and-Dormitory/profile/SVM-Lodge_BUDGET_STAYS_HOTEL_PVY
Sapphire Inn,Lakasandra , Bangalore,https://jiwirooms.com/app/hotel_logo/j173.jpg,3,https://jiwirooms.com//Bangalore/Hotel-Lodge-and-Dormitory/profile/Sapphire-Inn_BUDGET_STAYS_HOTEL_PWT
Soundarya Hotel,Dasarahalli , Bangalore,https://jiwirooms.com/app/hotel_logo/j1054.jpg,3,https://jiwirooms.com//Bangalore/Hotel-Lodge-and-Dormitory/profile/Soundarya-Hotel_BUDGET_STAYS_HOTEL_PPVt
HOTEL R R INTERNATIONAL,Gandhinagar , Bangalore,https://jiwirooms.com/app/hotel_logo/event_1143171_5352.jpg,3,https://jiwirooms.com//Bangalore/Hotel-Lodge-and-Dormitory/profile/HOTEL-R-R-INTERNATIONAL_BUDGET_STAYS_HOTEL_PX
Berrys hotel-phg,Kadubeesanahalli , Bangalore,https://jiwirooms.com/app/hotel_logo/j1893.jpg,3,https://jiwirooms.com//Bangalore/Hotel-Lodge-and-Dormitory/profile/Berrys-hotel-phg_BUDGET_STAYS_HOTEL_PXZs
MAS RESIDENCY,Madiwala , Bangalore,https://jiwirooms.com/app/hotel_logo/event_1164719_6947.jpg,3,https://jiwirooms.com//Bangalore/Hotel-Lodge-and-Dormitory/profile/MAS-RESIDENCY_BUDGET_STAYS_HOTEL_Q
HOTEL PREMIUM COMFORTS,Jalahalli , Bangalore,https://jiwirooms.com/app/hotel_logo/event_1150312_6239.jpg,3,https://jiwirooms.com//Bangalore/Hotel-Lodge-and-Dormitory/profile/HOTEL-PREMIUM-COMFORTS_BUDGET_STAYS_HOTEL_WV
Azaa Stays,Koramangala , Bangalore,https://jiwirooms.com/app/hotel_logo/j9.jpg,3,https://jiwirooms.com//Bangalore/Hotel-Lodge-and-Dormitory/profile/Azaa-Stays_BUDGET_STAYS_HOTEL_X
Sri comforts,Rama Krishna Puram , Bangalore,https://jiwirooms.com/app/hotel_logo/j45.jpg,3,https://jiwirooms.com//Bangalore/Hotel-Lodge-and-Dormitory/profile/Sri-comforts_BUDGET_STAYS_HOTEL_SU
Hotel J. M comforts,Gandhinagar , Bangalore,https://jiwirooms.com/app/hotel_logo/j46.jpg,3,https://jiwirooms.com//Bangalore/Hotel-Lodge-and-Dormitory/profile/Hotel-J.-M-comforts_BUDGET_STAYS_HOTEL_SV
Hotel Shalimar,B.V.K.Iyengar Road , Bangalore,https://jiwirooms.com/app/hotel_logo/event_1147073_10206.jpg,3,https://jiwirooms.com//Bangalore/Hotel-Lodge-and-Dormitory/profile/Hotel-Shalimar_BUDGET_STAYS_HOTEL_PQU
Escape Hotels,Indiranagar , Bangalore,https://jiwirooms.com/app/hotel_logo/j1797.jpg,3,https://jiwirooms.com//Bangalore/Hotel-Lodge-and-Dormitory/profile/Escape-Hotels_BUDGET_STAYS_HOTEL_PWZw
Sri Vishnu Paradise Lodge,Gandhinagar , Bangalore,https://jiwirooms.com/app/hotel_logo/j14.jpg,3,https://jiwirooms.com//Bangalore/Hotel-Lodge-and-Dormitory/profile/Sri-Vishnu-Paradise-Lodge_BUDGET_STAYS_HOTEL_PT
Vasanth Raj Paradise,Majestic , Bangalore,https://jiwirooms.com/app/hotel_logo/event_989080_1029.jpg,3,https://jiwirooms.com//Bangalore/Hotel-Lodge-and-Dormitory/profile/Vasanth-Raj-Paradise_BUDGET_STAYS_HOTEL_VW
Hotel Tiara,Koramangala , Bangalore,https://jiwirooms.com/app/hotel_logo/event_1134419_5254.jpg,3,https://jiwirooms.com//Bangalore/Hotel-Lodge-and-Dormitory/profile/Hotel-Tiara_BUDGET_STAYS_HOTEL_S
Sri Krishna regency,Yeshwanthpur , Bangalore,https://jiwirooms.com/app/hotel_logo/j75.jpg,3,https://jiwirooms.com//Bangalore/Hotel-Lodge-and-Dormitory/profile/Sri-Krishna-regency_BUDGET_STAYS_HOTEL_VU
Paravathi Palace Lodging, Cottonpet  , Bangalore,https://jiwirooms.com/app/hotel_logo/j1776.jpg,3,https://jiwirooms.com//Bangalore/Hotel-Lodge-and-Dormitory/profile/Paravathi-Palace-Lodging_BUDGET_STAYS_HOTEL_PWXv
THE ROYAL COMFORT,Yeshwanthpur , Bangalore,https://jiwirooms.com/app/hotel_logo/event_1147662_6014.jpg,3,https://jiwirooms.com//Bangalore/Hotel-Lodge-and-Dormitory/profile/THE-ROYAL-COMFORT_BUDGET_STAYS_HOTEL_PQX
THE PARK RESIDENCY,Residency Road , Bangalore,https://jiwirooms.com/app/hotel_logo/event_1145964_5972.jpg,3,https://jiwirooms.com//Bangalore/Hotel-Lodge-and-Dormitory/profile/THE-PARK-RESIDENCY_BUDGET_STAYS_HOTEL_PQY
Golf Inn,Domlur , Bangalore,https://jiwirooms.com/app/hotel_logo/j1795.jpg,3,https://jiwirooms.com//Bangalore/Hotel-Lodge-and-Dormitory/profile/Golf-Inn_BUDGET_STAYS_HOTEL_PWZu
Hibiscus Inn,Koramangala , Bangalore,https://jiwirooms.com/app/hotel_logo/event_1149873_10433.jpg,3,https://jiwirooms.com//Bangalore/Hotel-Lodge-and-Dormitory/profile/Hibiscus-Inn_BUDGET_STAYS_HOTEL_XT
BRIGADE ROYALE,M.G Road , Bangalore,https://jiwirooms.com/app/hotel_logo/event_1147661_5992.jpg,3,https://jiwirooms.com//Bangalore/Hotel-Lodge-and-Dormitory/profile/BRIGADE-ROYALE_BUDGET_STAYS_HOTEL_PQW
Mathrushree residency,Rajajinagar , Bangalore,https://jiwirooms.com/app/hotel_logo/j1778.jpg,3,https://jiwirooms.com//Bangalore/Hotel-Lodge-and-Dormitory/profile/Mathrushree-residency_BUDGET_STAYS_HOTEL_PWXx
Hotel Espee Residency,Majestic , Bangalore,https://jiwirooms.com/app/hotel_logo/Hotel Espee Residency.Room Cat 1 Photo 1.022828.jpg,3,https://jiwirooms.com//Bangalore/Hotel-Lodge-and-Dormitory/profile/Hotel-Espee-Residency_BUDGET_STAYS_HOTEL_RY
CROWN ORCHID Luxury homes,Hosur Road , Bangalore,https://jiwirooms.com/app/hotel_logo/j1938.jpg,3,https://jiwirooms.com//Bangalore/Hotel-Lodge-and-Dormitory/profile/CROWN-ORCHID-Luxury-homes_BUDGET_STAYS_HOTEL_PYTx
Soundarya Hotel,Dasarahali , Bangalore,https://jiwirooms.com/app/hotel_logo/j228.jpg,3,https://jiwirooms.com//Bangalore/Hotel-Lodge-and-Dormitory/profile/Soundarya-Hotel_BUDGET_STAYS_HOTEL_QRY
I Nest Suites,Madiwala , Bangalore,https://jiwirooms.com/app/hotel_logo/event_1134415_5218.jpg,3,https://jiwirooms.com//Bangalore/Hotel-Lodge-and-Dormitory/profile/I-Nest-Suites_BUDGET_STAYS_HOTEL_T
Pai Comforts,J P Nagar , Bangalore,https://jiwirooms.com/app/hotel_logo/j1045.jpg,3,https://jiwirooms.com//Bangalore/Hotel-Lodge-and-Dormitory/profile/Pai-Comforts_BUDGET_STAYS_HOTEL_PPUu
T S ROYAL GRAND HOTEL,chandapura , Bangalore,https://jiwirooms.com/app/hotel_logo/j1942.jpg,3,https://jiwirooms.com//Bangalore/Hotel-Lodge-and-Dormitory/profile/T-S-ROYAL-GRAND-HOTEL_BUDGET_STAYS_HOTEL_PYUr
Hotel Garden city,BEL Road , Bangalore,https://jiwirooms.com/app/hotel_logo/event_1150128_5723.jpg,3,https://jiwirooms.com//Bangalore/Hotel-Lodge-and-Dormitory/profile/Hotel-Garden-city_BUDGET_STAYS_HOTEL_WY
S.K.R. LODGE,Yeshwanthpur , Bangalore,https://jiwirooms.com/app/hotel_logo/j109.jpg,3,https://jiwirooms.com//Bangalore/Hotel-Lodge-and-Dormitory/profile/S.K.R.-LODGE_BUDGET_STAYS_HOTEL_PPZ
Citizen lodging,Yeshwanthpur , Bangalore,https://jiwirooms.com/app/hotel_logo/event_1147430_5625.jpg,3,https://jiwirooms.com//Bangalore/Hotel-Lodge-and-Dormitory/profile/Citizen-lodging_BUDGET_STAYS_HOTEL_VT
S.R Guest House,Lakasandra , Bangalore,https://jiwirooms.com/app/hotel_logo/j174.jpg,3,https://jiwirooms.com//Bangalore/Hotel-Lodge-and-Dormitory/profile/S.R-Guest-House_BUDGET_STAYS_HOTEL_PWU
Hotel Akshay Lodge,Majestic , Bangalore,https://jiwirooms.com/app/hotel_logo/event_1024158_1302.jpg,3,https://jiwirooms.com//Bangalore/Hotel-Lodge-and-Dormitory/profile/Hotel-Akshay-Lodge_BUDGET_STAYS_HOTEL_RPQ
Niche Suites,Domlur , Bangalore,https://jiwirooms.com/app/hotel_logo/j224.jpg,3,https://jiwirooms.com//Bangalore/Hotel-Lodge-and-Dormitory/profile/Niche-Suites_BUDGET_STAYS_HOTEL_QRU
NAVANIDHI COMFORTS,Yeshwanthpur , Bangalore,https://jiwirooms.com/app/hotel_logo/j110.jpg,3,https://jiwirooms.com//Bangalore/Hotel-Lodge-and-Dormitory/profile/NAVANIDHI-COMFORTS_BUDGET_STAYS_HOTEL_PQQ
Avenue Inn,Frozen Town , Bangalore,https://jiwirooms.com/app/hotel_logo/j1789.jpg,3,https://jiwirooms.com//Bangalore/Hotel-Lodge-and-Dormitory/profile/Avenue-Inn_BUDGET_STAYS_HOTEL_PWYy
Emerald Suites,Koramangala , Bangalore,https://jiwirooms.com/app/hotel_logo/j1868.jpg,3,https://jiwirooms.com//Bangalore/Hotel-Lodge-and-Dormitory/profile/Emerald-Suites_BUDGET_STAYS_HOTEL_PXWx
Dass Suites Koramangala,Koramangala , Bangalore,https://jiwirooms.com/app/hotel_logo/Dass Suites Koramangala.Other Photo 2.104126.jpg,3,https://jiwirooms.com//Bangalore/Hotel-Lodge-and-Dormitory/profile/Dass-Suites-Koramangala_BUDGET_STAYS_HOTEL_QRT
Honnagiri Residency,Gandhinagar , Bangalore,https://jiwirooms.com/app/hotel_logo/j43.jpg,3,https://jiwirooms.com//Bangalore/Hotel-Lodge-and-Dormitory/profile/Honnagiri-Residency_BUDGET_STAYS_HOTEL_SS
Shivas Paravathi Palace,Majestic , Bangalore,https://jiwirooms.com/app/hotel_logo/j80.jpg,3,https://jiwirooms.com//Bangalore/Hotel-Lodge-and-Dormitory/profile/Shivas-Paravathi-Palace_BUDGET_STAYS_HOTEL_WP
Sri venkatadri residency,BEL Road , Bangalore,https://jiwirooms.com/app/hotel_logo/j92.jpg,3,https://jiwirooms.com//Bangalore/Hotel-Lodge-and-Dormitory/profile/Sri-venkatadri-residency_BUDGET_STAYS_HOTEL_XR
Golf Inn,Domlur , Bangalore,https://jiwirooms.com/app/hotel_logo/Golf Inn.Room Cat 2 Photo 1.035829.jpg,3,https://jiwirooms.com//Bangalore/Hotel-Lodge-and-Dormitory/profile/Golf-Inn_BUDGET_STAYS_HOTEL_QRQ
Capital Residency,Brigade Road , Bangalore,https://jiwirooms.com/app/hotel_logo/j1858.jpg,3,https://jiwirooms.com//Bangalore/Hotel-Lodge-and-Dormitory/profile/Capital-Residency_BUDGET_STAYS_HOTEL_PXVx
hotel S G inn,giriyamacircle , Bangalore,https://jiwirooms.com/app/hotel_logo/j1962.jpg,3,https://jiwirooms.com//Bangalore/Hotel-Lodge-and-Dormitory/profile/hotel-S-G-inn_BUDGET_STAYS_HOTEL_PYWr
DREAMZ Luxury Homes,Bommasandra , Bangalore,https://jiwirooms.com/app/hotel_logo/j1918.jpg,3,https://jiwirooms.com//Bangalore/Hotel-Lodge-and-Dormitory/profile/DREAMZ-Luxury-Homes_BUDGET_STAYS_HOTEL_PYRx
MLC GATEWAY DELUXE INN,Gandhinagar , Bangalore,https://jiwirooms.com/app/hotel_logo/j23.jpg,3,https://jiwirooms.com//Bangalore/Hotel-Lodge-and-Dormitory/profile/MLC-GATEWAY-DELUXE-INN_BUDGET_STAYS_HOTEL_QS
Hotel Royal Proud,Koramangala , Bangalore,https://jiwirooms.com/app/hotel_logo/event_1149919_5525.jpg,3,https://jiwirooms.com//Bangalore/Hotel-Lodge-and-Dormitory/profile/Hotel-Royal-Proud_BUDGET_STAYS_HOTEL_XW
Hotel Ganga Sagar,Koramangala , Bangalore,https://jiwirooms.com/app/hotel_logo/event_1148903_10255.jpg,3,https://jiwirooms.com//Bangalore/Hotel-Lodge-and-Dormitory/profile/Hotel-Ganga-Sagar_BUDGET_STAYS_HOTEL_PPX
Century Inn,Madiwala , Bangalore,https://jiwirooms.com/app/hotel_logo/Century Inn.Room Cat 2 Photo 2.063212.jpg,3,https://jiwirooms.com//Bangalore/Hotel-Lodge-and-Dormitory/profile/Century-Inn_BUDGET_STAYS_HOTEL_PYZ
Golden Sands Bangalore,Koramangala , Bangalore,https://jiwirooms.com/app/hotel_logo/event_1149148_10308.jpg,3,https://jiwirooms.com//Bangalore/Hotel-Lodge-and-Dormitory/profile/Golden-Sands-Bangalore_BUDGET_STAYS_HOTEL_PPV
golden Residency,Madiwala , Bangalore,https://jiwirooms.com/app/hotel_logo/j1924.jpg,3,https://jiwirooms.com//Bangalore/Hotel-Lodge-and-Dormitory/profile/golden-Residency_BUDGET_STAYS_HOTEL_PYSt
Ivory Pearl,Koramangala , Bangalore,https://jiwirooms.com/app/hotel_logo/event_1149627_10393.jpg,3,https://jiwirooms.com//Bangalore/Hotel-Lodge-and-Dormitory/profile/Ivory-Pearl_BUDGET_STAYS_HOTEL_PPQ
Subhadra Lodge,Gandhinagar , Bangalore,https://jiwirooms.com/app/hotel_logo/j41.jpg,3,https://jiwirooms.com//Bangalore/Hotel-Lodge-and-Dormitory/profile/Subhadra-Lodge_BUDGET_STAYS_HOTEL_SQ
Online suites,Yeshwanthpur , Bangalore,https://jiwirooms.com/app/hotel_logo/j1753.jpg,3,https://jiwirooms.com//Bangalore/Hotel-Lodge-and-Dormitory/profile/Online-suites_BUDGET_STAYS_HOTEL_PWVs
Aryan Residency,Rajajinagar , Bangalore,https://jiwirooms.com/app/hotel_logo/event_1148932_5636.jpg,3,https://jiwirooms.com//Bangalore/Hotel-Lodge-and-Dormitory/profile/Aryan-Residency_BUDGET_STAYS_HOTEL_PPS
Av comforts,hunasamaranahalli , Bangalore,https://jiwirooms.com/app/hotel_logo/j1768.jpg,3,https://jiwirooms.com//Bangalore/Hotel-Lodge-and-Dormitory/profile/Av-comforts_BUDGET_STAYS_HOTEL_PWWx
Grand Empark,Lakasandra , Bangalore,https://jiwirooms.com/app/hotel_logo/event_895905_2078.jpg,3,https://jiwirooms.com//Bangalore/Hotel-Lodge-and-Dormitory/profile/Grand-Empark_BUDGET_STAYS_HOTEL_XV
Hotel City Towers Lodge,Majestic , Bangalore,https://jiwirooms.com/app/hotel_logo/j221.jpg,3,https://jiwirooms.com//Bangalore/Hotel-Lodge-and-Dormitory/profile/Hotel-City-Towers-Lodge_BUDGET_STAYS_HOTEL_QRR
